AquaFlux V9.3 TEWL/SSWL Data,,,,,,,,,,,,,,,,,,,,,,,,,,,,,,,,,,,,,,,,,,,,,,,,,,,,,,,,,,,,,,,,,,,,,,,,,,,,,,,,,,,,,,,,,,,,,,,,,,,,,,,,,,,,,,,,,,,,,,,,,,,,,,,,,,,,,,,,,,,,,,,,,,,,,,,,,,,,,,,,,,,,,,,,,,,,,,,,,,,,,,,,,,
                                                                 ,,,,,,,,,,,,,,,,,,,,,,,,,,,,,,,,,,,,,,,,,,,,,,,,,,,,,,,,,,,,,,,,,,,,,,,,,,,,,,,,,,,,,,,,,,,,,,,,,,,,,,,,,,,,,,,,,,,,,,,,,,,,,,,,,,,,,,,,,,,,,,,,,,,,,,,,,,,,,,,,,,,,,,,,,,,,,,,,,,,,,,,,,,
SeqNo,Date,Time,Comments,Status,Termination,TEWL [g/(m2h)],CV [%],SSWL [g/(m2)],AmbT [C],AmbRH [%],Ice [mg],ProbeSer,FluxCal,BaseCal,Sensor,CapFactor,NPts,Sec/pt,Flux [g/(m2h)]...,,,,,,,,,,,,,,,,,,,,,,,,,,,,,,,,,,,,,,,,,,,,,,,,,,,,,,,,,,,,,,,,,,,,,,,,,,,,,,,,,,,,,,,,,,,,,,,,,,,,,,,,,,,,,,,,,,,,,,,,,,,,,,,,,,,,,,,,,,,,,,,,,,,,,,,,,,,,,,,,,,,,,,,
1,5/8/21,1:37:42 PM,F-13_1,Normal,MA|30|150|5|0.075,41.88,0.16,3.34E-05,29.9,15.1,0.016,203854,0.73,4.06E-02,SOS|-93.66|0.0,0.45,104,0.51,0.05,0.45,0.81,1.34,2.01,2.73,3.27,3.76,4.25,4.71,5.14,5.65,6.33,7.15,8.05,8.96,9.9,10.91,11.86,12.77,13.63,14.44,15.36,16.07,16.77,17.48,18.07,18.77,19.35,19.94,20.5,20.99,21.58,22.09,22.52,23.05,23.61,24.19,24.69,25.22,25.72,26.18,26.66,27.14,27.62,28.1,28.63,29.13,29.65,30.1,30.55,31.06,31.55,32.02,32.5,32.95,33.49,33.9,34.31,34.75,35.09,35.53,35.9,36.24,36.6,36.95,37.31,37.62,37.91,38.21,38.48,38.73,38.93,39.17,39.38,39.58,39.84,40.01,40.23,40.41,40.57,40.68,40.76,40.89,41.01,41.12,41.18,41.32,41.45,41.52,41.57,41.58,41.67,41.73,41.75,41.79,41.88,41.91,41.96,41.91,41.94,41.91,41.9,41.88,,,,,,,,,,,,,,,,,,,,,,,,,,,,,,,,,,,,,,,,,,,,,,,,,,,,,,,,,,,,,,,,
2,5/8/21,1:38:41 PM,F-13_2,Normal,MA|30|150|5|0.075,13.92,0.4,1.63E-02,30.2,15.2,0.029,203854,0.73,4.06E-02,SOS|-93.66|0.0,0.45,85,0.51,21.35,19.57,18.28,17.17,16.39,15.83,15.34,14.83,14.44,14.14,13.94,13.79,13.81,13.84,13.96,14.05,14.22,14.43,14.64,14.88,15.05,15.28,15.46,15.61,15.68,15.8,15.88,15.99,16.08,16.13,16.25,16.3,16.32,16.31,16.28,16.27,16.27,16.21,16.18,16.2,16.19,16.19,16,15.96,15.91,15.81,15.78,15.72,15.72,15.65,15.65,15.62,15.55,15.49,15.43,15.38,15.34,15.29,15.23,15.14,15.02,14.97,14.88,14.81,14.74,14.67,14.59,14.46,14.37,14.33,14.24,14.21,14.16,14.17,14.13,14.05,13.96,13.89,13.91,13.89,13.85,13.87,13.91,13.93,13.9,,,,,,,,,,,,,,,,,,,,,,,,,,,,,,,,,,,,,,,,,,,,,,,,,,,,,,,,,,,,,,,,,,,,,,,,,,,,,,,,,,,
3,5/8/21,1:39:39 PM,F-13_3,Normal,MA|30|150|5|0.075,13.55,0.43,4.31E-04,30.5,15.3,0.036,203854,0.73,4.06E-02,SOS|-93.66|0.0,0.45,62,0.51,8.92,8.97,9.07,9.26,9.42,9.56,9.71,9.86,9.95,10.02,10.08,10.11,10.1,10.08,10.13,10.25,10.37,10.51,10.73,11,11.21,11.39,11.62,11.84,12.05,12.17,12.4,12.59,12.68,12.83,12.92,13.09,13.19,13.31,13.42,13.44,13.52,13.54,13.59,13.59,13.68,13.77,13.74,13.82,13.82,13.84,13.82,13.81,13.81,13.77,13.74,13.71,13.71,13.57,13.53,13.53,13.5,13.53,13.53,13.53,13.53,13.55,,,,,,,,,,,,,,,,,,,,,,,,,,,,,,,,,,,,,,,,,,,,,,,,,,,,,,,,,,,,,,,,,,,,,,,,,,,,,,,,,,,,,,,,,,,,,,,,,,,,,,,,,,
4,5/8/21,1:40:21 PM,F-13_4,Normal,MA|30|150|5|0.075,10.09,0.67,3.82E-03,30.4,15,0.041,203854,0.73,4.06E-02,SOS|-93.66|0.0,0.45,62,0.51,11.86,11.38,10.99,10.61,10.37,10.2,10.06,10.01,9.89,9.86,9.89,9.85,9.88,9.93,10,10.1,10.17,10.3,10.39,10.49,10.59,10.64,10.66,10.71,10.76,10.81,10.86,10.91,10.94,10.89,10.94,10.92,10.87,10.85,10.81,10.83,10.79,10.66,10.66,10.64,10.66,10.66,10.66,10.73,10.68,10.66,10.62,10.59,10.42,10.36,10.36,10.28,10.23,10.17,10.12,10.07,10.03,10.03,10.05,10.05,10.05,10.05,,,,,,,,,,,,,,,,,,,,,,,,,,,,,,,,,,,,,,,,,,,,,,,,,,,,,,,,,,,,,,,,,,,,,,,,,,,,,,,,,,,,,,,,,,,,,,,,,,,,,,,,,,
5,5/8/21,1:41:17 PM,F-13_5,Normal,MA|30|150|5|0.075,11.29,0.38,8.47E-04,30.5,14.9,0.047,203854,0.73,4.06E-02,SOS|-93.66|0.0,0.45,65,0.51,7.87,7.76,7.64,7.54,7.47,7.41,7.35,7.26,7.24,7.24,7.25,7.4,7.52,7.71,7.9,8.17,8.48,8.74,9.06,9.31,9.61,9.84,10.07,10.25,10.46,10.67,10.83,10.98,11.14,11.31,11.43,11.48,11.58,11.63,11.65,11.66,11.63,11.68,11.65,11.64,11.64,11.56,11.59,11.59,11.59,11.6,11.6,11.62,11.6,11.59,11.59,11.58,11.57,11.54,11.54,11.36,11.3,11.3,11.23,11.28,11.26,11.27,11.27,11.26,11.36,,,,,,,,,,,,,,,,,,,,,,,,,,,,,,,,,,,,,,,,,,,,,,,,,,,,,,,,,,,,,,,,,,,,,,,,,,,,,,,,,,,,,,,,,,,,,,,,,,,,,,,
6,5/8/21,1:43:51 PM,F-01_1,Normal,MA|30|150|5|0.075,10.26,0.65,0,30,15.4,0.052,203854,0.73,4.70E-02,SOS|-93.66|0.0,0.45,60,0.51,-0.06,-0.03,0.04,0.38,0.75,1.22,1.74,2.34,2.85,3.33,3.78,4.21,4.7,5.07,5.46,5.85,6.2,6.53,6.8,7.11,7.37,7.56,7.8,7.99,8.14,8.28,8.44,8.6,8.72,8.85,8.95,9.07,9.14,9.19,9.26,9.27,9.37,9.39,9.47,9.59,9.58,9.68,9.7,9.7,9.73,9.74,9.85,9.87,9.96,10.07,10.16,10.17,10.21,10.25,10.26,10.28,10.24,10.33,10.32,10.35,,,,,,,,,,,,,,,,,,,,,,,,,,,,,,,,,,,,,,,,,,,,,,,,,,,,,,,,,,,,,,,,,,,,,,,,,,,,,,,,,,,,,,,,,,,,,,,,,,,,,,,,,,,,
7,5/8/21,1:44:54 PM,F-01_2,Normal,MA|30|150|5|0.075,10.5,0.56,1.40E-02,31.4,18.2,0.06,203854,0.73,4.70E-02,SOS|-93.66|0.0,0.45,80,0.51,10.72,10.52,10.33,10.18,10.16,10.06,10.01,9.99,9.98,10,10.04,10.16,10.37,10.6,10.9,11.24,11.52,11.86,12.06,12.28,12.5,12.63,12.78,12.88,13.04,13.18,13.23,13.37,13.44,13.5,13.52,13.48,13.47,13.38,13.27,13.15,13.06,12.97,12.94,12.88,12.77,12.72,12.69,12.66,12.51,12.41,12.37,12.3,12.14,12.07,11.98,11.88,11.84,11.72,11.67,11.55,11.5,11.48,11.39,11.36,11.27,11.24,11.15,11.03,11,10.87,10.83,10.77,10.75,10.71,10.61,10.59,10.54,10.49,10.45,10.45,10.47,10.47,10.48,10.47,,,,,,,,,,,,,,,,,,,,,,,,,,,,,,,,,,,,,,,,,,,,,,,,,,,,,,,,,,,,,,,,,,,,,,,,,,,,,,,,,,,,,,,,
8,5/8/21,1:45:46 PM,F-01_3,Normal,MA|30|150|5|0.075,6.86,1.03,0.0217259,30.7,14.3,0.065,203854,0.73,4.70E-02,SOS|-93.66|0.0,0.45,82,0.51,10.19,10.03,9.87,9.83,9.69,9.67,9.65,9.66,9.67,9.62,9.65,9.65,9.65,9.72,9.75,9.76,9.77,9.91,9.96,9.91,9.91,9.91,9.91,9.86,9.83,9.84,9.8,9.8,9.67,9.63,9.58,9.53,9.45,9.37,9.25,9.21,9.14,9.07,9,8.93,8.9,8.76,8.66,8.61,8.59,8.5,8.44,8.42,8.33,8.26,8.15,8.11,7.99,7.94,7.92,7.87,7.82,7.78,7.68,7.61,7.54,7.47,7.44,7.4,7.44,7.4,7.37,7.3,7.26,7.22,7.12,7.05,6.99,6.97,6.87,6.8,6.83,6.86,6.86,6.81,6.82,6.77,,,,,,,,,,,,,,,,,,,,,,,,,,,,,,,,,,,,,,,,,,,,,,,,,,,,,,,,,,,,,,,,,,,,,,,,,,,,,,,,,,,,,,
9,5/8/21,1:46:32 PM,F-01_4,Normal,MA|30|150|5|0.075,6.91,1,6.05E-03,30.6,16.1,0.069,203854,0.73,4.70E-02,SOS|-93.66|0.0,0.45,59,0.51,7.65,7.89,8.06,8.01,7.98,8.02,7.94,7.97,7.95,8.01,8.03,7.91,7.97,7.95,7.93,7.95,7.95,7.96,7.96,7.94,7.96,7.93,7.93,7.93,7.9,7.92,7.78,7.75,7.69,7.65,7.6,7.51,7.48,7.43,7.42,7.4,7.43,7.48,7.46,7.42,7.46,7.45,7.4,7.38,7.16,7.12,7.08,7.12,7.08,7.01,7,6.98,6.96,6.9,6.89,6.87,6.84,6.83,6.85,,,,,,,,,,,,,,,,,,,,,,,,,,,,,,,,,,,,,,,,,,,,,,,,,,,,,,,,,,,,,,,,,,,,,,,,,,,,,,,,,,,,,,,,,,,,,,,,,,,,,,,,,,,,,
10,5/8/21,1:47:14 PM,F-01_5,Normal,MA|30|150|5|0.075,7.06,0.99,1.05E-02,30.7,15.2,0.072,203854,0.73,4.70E-02,SOS|-93.66|0.0,0.45,66,0.51,6.91,6.94,7.1,7.22,7.32,7.47,7.58,7.75,8,8.23,8.49,8.72,8.96,9.15,9.32,9.46,9.53,9.61,9.66,9.64,9.63,9.54,9.45,9.37,9.24,9.2,9.13,9.06,8.98,8.87,8.83,8.71,8.61,8.52,8.44,8.35,8.26,8.22,8.1,8.05,8.03,7.98,7.93,7.84,7.76,7.7,7.62,7.61,7.51,7.53,7.52,7.5,7.43,7.38,7.34,7.24,7.22,7.12,7.1,7.05,7.05,6.99,6.99,7.02,7.03,7.03,,,,,,,,,,,,,,,,,,,,,,,,,,,,,,,,,,,,,,,,,,,,,,,,,,,,,,,,,,,,,,,,,,,,,,,,,,,,,,,,,,,,,,,,,,,,,,,,,,,,,,
11,5/8/21,1:53:00 PM,F-17_1,Normal,MA|30|150|5|0.075,18.96,0.33,0,31.1,15.2,0.079,203854,0.73,7.74E-02,SOS|-93.66|0.0,0.45,72,0.51,1.22,1.85,2.53,3.29,3.86,4.31,4.64,4.98,5.33,5.65,5.99,6.41,6.76,7.17,7.6,8.05,8.54,8.92,9.28,9.68,10.07,10.4,10.67,10.93,11.23,11.48,11.69,11.91,12.16,12.37,12.64,12.87,13.07,13.33,13.59,13.87,14.09,14.34,14.59,14.83,15.07,15.25,15.52,15.72,15.99,16.28,16.51,16.82,16.98,17.25,17.43,17.57,17.68,17.78,18.01,18.13,18.23,18.35,18.52,18.62,18.64,18.73,18.84,18.9,18.88,18.95,19,19,18.99,18.98,19.03,19.02,,,,,,,,,,,,,,,,,,,,,,,,,,,,,,,,,,,,,,,,,,,,,,,,,,,,,,,,,,,,,,,,,,,,,,,,,,,,,,,,,,,,,,,,,,,,,,,,
12,5/8/21,1:53:40 PM,F-17_2,Normal,MA|30|150|5|0.075,17.65,0.12,2.42E-05,31.1,14.3,0.087,203854,0.73,7.74E-02,SOS|-93.66|0.0,0.45,59,0.51,17.32,16.92,16.49,16.18,15.92,15.76,15.65,15.49,15.41,15.29,15.22,15.17,15.17,15.21,15.21,15.32,15.41,15.54,15.68,15.76,15.86,15.95,16.06,16.15,16.26,16.4,16.52,16.65,16.77,16.89,17.01,17.09,17.25,17.32,17.33,17.38,17.38,17.4,17.38,17.47,17.57,17.59,17.64,17.69,17.74,17.69,17.65,17.67,17.69,17.69,17.62,17.64,17.67,17.65,17.62,17.65,17.65,17.66,17.66,,,,,,,,,,,,,,,,,,,,,,,,,,,,,,,,,,,,,,,,,,,,,,,,,,,,,,,,,,,,,,,,,,,,,,,,,,,,,,,,,,,,,,,,,,,,,,,,,,,,,,,,,,,,,
13,5/8/21,1:54:18 PM,F-17_3,Normal,MA|30|150|5|0.075,10.69,0.69,6.92E-03,31.2,14.1,0.092,203854,0.73,7.74E-02,SOS|-93.66|0.0,0.45,59,0.51,16.05,15.47,14.87,14.3,13.79,13.4,13.08,12.74,12.43,12.14,11.92,11.7,11.55,11.45,11.35,11.28,11.18,11.13,11.1,11.06,11.01,10.97,10.92,10.87,10.84,10.78,10.68,10.69,10.74,10.74,10.68,10.66,10.73,10.67,10.74,10.74,10.76,10.76,10.74,10.76,10.74,10.74,10.74,10.72,10.74,10.72,10.74,10.74,10.72,10.76,10.74,10.74,10.71,10.71,10.74,10.68,10.66,10.66,10.51,,,,,,,,,,,,,,,,,,,,,,,,,,,,,,,,,,,,,,,,,,,,,,,,,,,,,,,,,,,,,,,,,,,,,,,,,,,,,,,,,,,,,,,,,,,,,,,,,,,,,,,,,,,,,
14,5/8/21,1:54:56 PM,F-17_4,Normal,MA|30|150|5|0.075,8.78,0.49,7.21E-04,30.7,14.1,0.096,203854,0.73,7.74E-02,SOS|-93.66|0.0,0.45,59,0.51,10.1,9.99,9.76,9.64,9.44,9.28,9.11,8.93,8.82,8.63,8.56,8.48,8.48,8.44,8.44,8.46,8.46,8.46,8.45,8.46,8.5,8.47,8.49,8.49,8.49,8.48,8.5,8.53,8.51,8.54,8.68,8.72,8.73,8.74,8.77,8.75,8.75,8.71,8.66,8.67,8.69,8.68,8.68,8.71,8.71,8.72,8.7,8.7,8.7,8.71,8.74,8.74,8.75,8.76,8.83,8.81,8.8,8.81,8.82,,,,,,,,,,,,,,,,,,,,,,,,,,,,,,,,,,,,,,,,,,,,,,,,,,,,,,,,,,,,,,,,,,,,,,,,,,,,,,,,,,,,,,,,,,,,,,,,,,,,,,,,,,,,,
15,5/8/21,1:55:35 PM,F-17_5,Normal,MA|30|150|5|0.075,11.04,0.25,4.50E-03,30.2,14.5,0.1,203854,0.73,7.74E-02,SOS|-93.66|0.0,0.45,61,0.51,9.33,9.55,9.77,10.02,10.34,10.64,10.84,11.09,11.33,11.62,11.88,12.01,12.2,12.3,12.43,12.47,12.43,12.45,12.38,12.31,12.22,12.19,12.14,12.04,12.02,12.01,11.99,11.92,11.87,11.88,11.8,11.75,11.66,11.58,11.51,11.39,11.39,11.29,11.31,11.29,11.32,11.36,11.34,11.34,11.38,11.38,11.35,11.33,11.32,11.3,11.27,11.09,11.04,11.04,11.02,11.05,11.04,11.03,11.02,10.98,11.04,,,,,,,,,,,,,,,,,,,,,,,,,,,,,,,,,,,,,,,,,,,,,,,,,,,,,,,,,,,,,,,,,,,,,,,,,,,,,,,,,,,,,,,,,,,,,,,,,,,,,,,,,,,
16,5/8/21,1:58:35 PM,F-03_1,Normal,MA|30|150|5|0.075,12.55,0.4,6.76E-03,31.7,15.8,0.108,203854,0.73,7.74E-02,SOS|-93.66|0.0,0.45,71,0.51,0.1,0.17,0.45,0.8,1.2,1.67,2.27,2.81,3.48,4.12,4.83,5.65,6.45,7.26,8.1,8.88,9.68,10.32,10.94,11.51,11.93,12.4,12.69,13,13.3,13.53,13.76,13.91,14.06,14.19,14.25,14.35,14.35,14.36,14.39,14.36,14.31,14.24,14.26,14.18,14.23,14.05,14.03,13.97,13.87,13.85,13.76,13.74,13.7,13.65,13.61,13.52,13.49,13.4,13.27,13.17,13.07,12.98,12.89,12.83,12.77,12.65,12.61,12.58,12.54,12.49,12.49,12.52,12.53,12.53,12.53,,,,,,,,,,,,,,,,,,,,,,,,,,,,,,,,,,,,,,,,,,,,,,,,,,,,,,,,,,,,,,,,,,,,,,,,,,,,,,,,,,,,,,,,,,,,,,,,,
17,5/8/21,1:59:32 PM,F-03_2,Normal,MA|30|150|5|0.075,14.16,0.35,3.38E-02,32.1,16.8,0.118,203854,0.73,7.74E-02,SOS|-93.66|0.0,0.45,91,0.51,13.83,13.86,13.86,13.78,13.66,13.64,13.69,13.75,13.88,14.09,14.49,14.87,15.35,15.95,16.55,17.1,17.66,18.16,18.63,18.99,19.31,19.64,19.8,19.94,20.05,20.15,20.13,20.14,20.17,20.16,20.11,20.09,20.08,19.94,19.88,19.76,19.67,19.53,19.35,19.22,19.02,18.9,18.71,18.54,18.37,18.19,17.97,17.83,17.71,17.57,17.42,17.33,17.25,17.05,16.91,16.77,16.67,16.5,16.41,16.29,16.11,16.02,15.95,15.86,15.71,15.64,15.55,15.45,15.3,15.23,15.14,15.11,14.99,14.89,14.81,14.76,14.69,14.56,14.56,14.45,14.43,14.28,14.18,14.18,14.13,14.15,14.13,14.16,14.16,14.12,14.1,,,,,,,,,,,,,,,,,,,,,,,,,,,,,,,,,,,,,,,,,,,,,,,,,,,,,,,,,,,,,,,,,,,,,,,,,,,,,
18,5/8/21,2:00:41 PM,F-03_3,Normal,MA|30|150|5|0.075,8.48,0.8,7.01E-02,31.8,14.6,0.127,203854,0.73,7.74E-02,SOS|-93.66|0.0,0.45,119,0.51,14.28,14.64,15.06,15.47,15.79,16,16.02,16.13,16.11,16.13,16.12,16.12,16.18,16.11,16.14,16.14,16.09,16.12,16.15,16.23,16.35,16.37,16.35,16.31,16.29,16.16,16.24,16.21,16.09,15.99,15.92,15.86,15.69,15.55,15.44,15.31,15.19,15.06,14.95,14.79,14.69,14.58,14.41,14.26,14.12,14.02,13.85,13.76,13.62,13.51,13.39,13.26,13.19,13,12.85,12.76,12.63,12.51,12.39,12.32,12.23,12.14,12.03,11.94,11.84,11.75,11.66,11.51,11.45,11.36,11.26,11.16,11.11,10.99,10.89,10.85,10.74,10.7,10.57,10.52,10.45,10.33,10.28,10.2,10.18,10.14,10.09,10.05,9.95,9.88,9.76,9.66,9.57,9.47,9.37,9.28,9.19,9.14,9.07,9.05,9.05,9.04,9.01,8.99,8.92,8.87,8.84,8.74,8.72,8.62,8.55,8.53,8.42,8.45,8.44,8.47,8.47,8.43,8.4,,,,,,,,,,,,,,,,,,,,,,,,,,,,,,,,,,,,,,,,,,,,,,,,,
19,5/8/21,2:01:43 PM,F-03_4,Normal,MA|30|150|5|0.075,12.82,0.54,3.00E-02,31.9,14.4,0.136,203854,0.73,7.74E-02,SOS|-93.66|0.0,0.45,90,0.51,11.61,12.21,12.7,13.19,13.65,14.09,14.5,14.93,15.46,16,16.58,17.11,17.55,17.99,18.25,18.57,18.7,18.78,18.82,18.78,18.76,18.61,18.49,18.39,18.26,18.03,17.91,17.77,17.61,17.36,17.16,17.02,16.79,16.63,16.48,16.35,16.15,16.04,15.9,15.76,15.6,15.45,15.36,15.24,15.11,14.99,14.87,14.75,14.62,14.55,14.51,14.38,14.35,14.27,14.2,14.13,14,13.96,13.87,13.86,13.81,13.72,13.71,13.64,13.6,13.56,13.57,13.55,13.53,13.48,13.42,13.33,13.24,13.18,13.12,13.1,13.07,13.07,13.03,13.04,12.97,12.92,12.83,12.81,12.8,12.79,12.81,12.77,12.79,12.74,,,,,,,,,,,,,,,,,,,,,,,,,,,,,,,,,,,,,,,,,,,,,,,,,,,,,,,,,,,,,,,,,,,,,,,,,,,,,,
20,5/8/21,2:02:36 PM,F-03_5,Normal,MA|30|150|5|0.075,9.13,0.74,2.78E-02,32,16.5,0.142,203854,0.73,7.74E-02,SOS|-93.66|0.0,0.45,84,0.51,12.97,13.19,13.49,13.59,13.72,13.72,13.53,13.44,13.27,13.13,12.95,12.76,12.64,12.49,12.33,12.19,11.98,11.8,11.62,11.48,11.33,11.22,11.15,11.1,11.12,11.16,11.31,11.45,11.7,11.93,12.19,12.41,12.59,12.75,12.87,12.97,13,12.98,12.89,12.82,12.78,12.62,12.52,12.41,12.32,12.21,12.02,11.97,11.83,11.66,11.58,11.46,11.4,11.26,11.14,11.07,10.92,10.79,10.61,10.5,10.39,10.32,10.22,10.18,10.17,10.02,9.93,9.83,9.79,9.71,9.59,9.59,9.49,9.42,9.3,9.2,9.15,9.08,9.1,9.07,9.1,9.11,9.11,9.12,,,,,,,,,,,,,,,,,,,,,,,,,,,,,,,,,,,,,,,,,,,,,,,,,,,,,,,,,,,,,,,,,,,,,,,,,,,,,,,,,,,,
21,5/8/21,2:05:51 PM,M-12_1,Normal,MA|30|150|5|0.075,11.83,0.27,4.95E-05,31.6,13.5,0.148,203854,0.73,8.81E-02,SOS|-93.66|0.0,0.45,59,0.51,0,0.06,0.39,0.66,1.08,1.56,2.05,2.44,2.8,3.2,3.54,3.85,4.19,4.63,5.08,5.54,5.98,6.43,6.93,7.34,7.74,8.1,8.45,8.81,9.07,9.34,9.63,9.85,10.07,10.25,10.41,10.55,10.7,10.87,11.02,11.06,11.12,11.25,11.29,11.31,11.31,11.44,11.51,11.59,11.66,11.75,11.77,11.82,11.87,11.87,11.86,11.84,11.89,11.86,11.81,11.81,11.81,11.81,11.81,,,,,,,,,,,,,,,,,,,,,,,,,,,,,,,,,,,,,,,,,,,,,,,,,,,,,,,,,,,,,,,,,,,,,,,,,,,,,,,,,,,,,,,,,,,,,,,,,,,,,,,,,,,,,
22,5/8/21,2:06:41 PM,M-12_2,Normal,MA|30|150|5|0.075,10.33,0.67,6.93E-03,31.6,13.7,0.154,203854,0.73,8.81E-02,SOS|-93.66|0.0,0.45,78,0.51,10.55,10.11,9.72,9.38,9.12,8.8,8.65,8.5,8.37,8.31,8.37,8.45,8.62,8.83,9.15,9.43,9.67,9.99,10.22,10.48,10.68,10.86,11.02,11.15,11.3,11.39,11.47,11.58,11.68,11.79,11.84,11.92,11.94,11.93,11.95,11.98,11.95,11.89,11.86,11.85,11.81,11.64,11.56,11.49,11.45,11.39,11.35,11.28,11.32,11.32,11.31,11.26,11.23,11.21,11.12,11.07,11.02,11.02,10.93,10.98,10.93,10.89,10.81,10.74,10.74,10.66,10.59,10.54,10.47,10.42,10.37,10.27,10.3,10.26,10.29,10.29,10.28,10.33,,,,,,,,,,,,,,,,,,,,,,,,,,,,,,,,,,,,,,,,,,,,,,,,,,,,,,,,,,,,,,,,,,,,,,,,,,,,,,,,,,,,,,,,,,
23,5/8/21,2:07:19 PM,M-12_3,Normal,MA|30|150|5|0.075,9.02,0.21,2.44E-04,31.4,13.6,0.157,203854,0.73,8.81E-02,SOS|-93.66|0.0,0.45,59,0.51,9.73,9.59,9.43,9.24,8.98,8.77,8.66,8.51,8.39,8.37,8.34,8.33,8.25,8.29,8.3,8.29,8.29,8.33,8.43,8.41,8.42,8.62,8.69,8.72,8.66,8.66,8.65,8.6,8.57,8.56,8.61,8.61,8.62,8.66,8.67,8.83,8.82,8.84,8.86,8.89,8.96,9,9,9.07,9.12,9.12,9.02,9.06,9.05,9.01,9.01,9.01,9.05,8.99,9.05,9.02,9.02,9,9.02,,,,,,,,,,,,,,,,,,,,,,,,,,,,,,,,,,,,,,,,,,,,,,,,,,,,,,,,,,,,,,,,,,,,,,,,,,,,,,,,,,,,,,,,,,,,,,,,,,,,,,,,,,,,,
24,5/8/21,2:08:09 PM,M-12_4,Normal,MA|30|150|5|0.075,7.78,0.38,1.08E-03,31,13.7,0.161,203854,0.73,8.81E-02,SOS|-93.66|0.0,0.45,59,0.51,6.34,6.19,6.12,6.15,6.22,6.33,6.55,6.69,6.84,6.99,7.13,7.29,7.38,7.52,7.59,7.7,7.7,7.74,7.74,7.87,7.9,7.95,8,8.05,8.11,8.05,8.11,8.08,8.13,8.11,8.1,8.05,8.05,8.06,8.06,8.04,8.03,8,8.03,7.86,7.8,7.79,7.77,7.8,7.75,7.76,7.77,7.77,7.82,7.81,7.81,7.78,7.8,7.8,7.75,7.77,7.75,7.77,7.72,,,,,,,,,,,,,,,,,,,,,,,,,,,,,,,,,,,,,,,,,,,,,,,,,,,,,,,,,,,,,,,,,,,,,,,,,,,,,,,,,,,,,,,,,,,,,,,,,,,,,,,,,,,,,
25,5/8/21,2:08:55 PM,M-12_5,Normal,MA|30|150|5|0.075,7.75,0.88,2.22E-02,31.3,14.5,0.166,203854,0.73,8.81E-02,SOS|-93.66|0.0,0.45,76,0.51,7.83,7.96,8.21,8.44,8.69,8.86,9.11,9.44,9.72,10.1,10.52,11,11.32,11.7,11.97,12.19,12.31,12.36,12.48,12.49,12.51,12.45,12.39,12.31,12.15,12.05,11.9,11.76,11.69,11.58,11.47,11.31,11.12,10.97,10.77,10.58,10.4,10.27,10.22,10.1,9.94,9.86,9.75,9.64,9.49,9.36,9.34,9.21,9.16,9.07,8.99,8.96,8.85,8.77,8.68,8.56,8.5,8.42,8.4,8.39,8.37,8.33,8.26,8.21,8.1,8.02,7.89,7.83,7.79,7.69,7.72,7.69,7.71,7.7,7.71,7.75,,,,,,,,,,,,,,,,,,,,,,,,,,,,,,,,,,,,,,,,,,,,,,,,,,,,,,,,,,,,,,,,,,,,,,,,,,,,,,,,,,,,,,,,,,,,
26,5/8/21,2:11:28 PM,F-11_1,Normal,MA|30|150|5|0.075,19.35,0.23,3.05E-03,31.2,13.7,0.175,203854,0.73,9.23E-02,SOS|-93.66|0.0,0.45,76,0.51,0.13,0.16,0.18,0.43,0.67,0.91,1.27,1.66,2.09,2.53,2.94,3.46,3.98,4.62,5.23,5.93,6.62,7.39,8.15,8.84,9.61,10.41,11.23,11.98,12.76,13.58,14.42,15.2,15.94,16.6,17.32,17.94,18.45,18.89,19.3,19.67,19.92,20.1,20.25,20.41,20.47,20.57,20.55,20.61,20.61,20.53,20.45,20.34,20.28,20.24,20.19,20.13,20.1,20.09,20.07,19.98,19.88,19.81,19.78,19.73,19.68,19.64,19.63,19.61,19.58,19.56,19.43,19.4,19.35,19.35,19.32,19.3,19.38,19.3,19.32,19.39,,,,,,,,,,,,,,,,,,,,,,,,,,,,,,,,,,,,,,,,,,,,,,,,,,,,,,,,,,,,,,,,,,,,,,,,,,,,,,,,,,,,,,,,,,,,
27,5/8/21,2:12:09 PM,F-11_2,Normal,MA|30|150|5|0.075,20.32,0.31,3.68E-04,31.5,15.7,0.184,203854,0.73,9.23E-02,SOS|-93.66|0.0,0.45,61,0.51,19.29,19.04,18.71,18.36,18.01,17.63,17.29,16.98,16.63,16.34,16.13,16.07,16.13,16.23,16.47,16.76,17.08,17.34,17.59,17.95,18.15,18.41,18.66,18.92,19.18,19.27,19.56,19.68,19.82,19.91,19.99,20.16,20.18,20.26,20.28,20.34,20.33,20.36,20.39,20.46,20.51,20.51,20.59,20.59,20.62,20.59,20.59,20.64,20.57,20.52,20.49,20.49,20.35,20.3,20.29,20.27,20.28,20.29,20.3,20.3,20.35,,,,,,,,,,,,,,,,,,,,,,,,,,,,,,,,,,,,,,,,,,,,,,,,,,,,,,,,,,,,,,,,,,,,,,,,,,,,,,,,,,,,,,,,,,,,,,,,,,,,,,,,,,,
28,5/8/21,2:13:04 PM,F-11_3,Normal,MA|30|150|5|0.075,12.95,0.56,4.52E-02,32.3,16.6,0.194,203854,0.73,9.23E-02,SOS|-93.66|0.0,0.45,91,0.51,19.31,19.02,18.71,18.43,18.25,18.23,18.2,18.33,18.51,18.71,19.02,19.2,19.46,19.64,19.8,19.87,19.9,19.98,19.95,19.93,19.82,19.77,19.62,19.47,19.36,19.19,19,18.84,18.68,18.51,18.33,18.16,18.03,17.88,17.74,17.59,17.44,17.28,17.09,16.91,16.74,16.56,16.44,16.3,16.19,16.07,16,15.9,15.75,15.62,15.5,15.42,15.31,15.18,15.1,15.01,14.92,14.83,14.72,14.66,14.54,14.43,14.33,14.23,14.15,14.05,14,13.98,13.94,13.85,13.72,13.67,13.6,13.53,13.5,13.45,13.46,13.39,13.33,13.22,13.16,13.08,13,12.99,12.95,12.96,12.93,12.97,12.92,12.89,12.81,,,,,,,,,,,,,,,,,,,,,,,,,,,,,,,,,,,,,,,,,,,,,,,,,,,,,,,,,,,,,,,,,,,,,,,,,,,,,
29,5/8/21,2:13:49 PM,F-11_4,Normal,MA|30|150|5|0.075,11.51,0.53,1.80E-02,33.1,17.6,0.2,203854,0.73,9.23E-02,SOS|-93.66|0.0,0.45,70,0.51,13.18,13.51,13.87,14.14,14.36,14.58,14.71,14.9,14.97,15.1,15.15,15.17,15.13,15.08,15.02,14.87,14.82,14.65,14.57,14.42,14.35,14.3,14.11,14.1,13.98,13.93,13.81,13.66,13.65,13.52,13.47,13.35,13.3,13.28,13.18,13.16,13.06,13.03,12.93,12.86,12.79,12.72,12.7,12.62,12.61,12.6,12.59,12.56,12.54,12.5,12.48,12.36,12.34,12.25,12.17,12.1,12.02,11.96,11.83,11.73,11.63,11.59,11.46,11.47,11.47,11.5,11.52,11.53,11.54,11.43,,,,,,,,,,,,,,,,,,,,,,,,,,,,,,,,,,,,,,,,,,,,,,,,,,,,,,,,,,,,,,,,,,,,,,,,,,,,,,,,,,,,,,,,,,,,,,,,,,
30,5/8/21,2:14:30 PM,F-11_5,Normal,MA|30|150|5|0.075,7.76,0.76,9.99E-03,32.1,13.8,0.204,203854,0.73,9.23E-02,SOS|-93.66|0.0,0.45,66,0.51,10.94,10.74,10.54,10.37,10.19,10.11,10.04,10.05,10.05,10.03,10.01,9.92,9.92,9.79,9.77,9.72,9.61,9.55,9.53,9.48,9.37,9.33,9.3,9.3,9.18,9.15,9.05,8.99,8.96,8.92,8.91,8.85,8.86,8.84,8.76,8.71,8.61,8.58,8.49,8.41,8.38,8.33,8.34,8.32,8.29,8.22,8.18,8.12,8.08,8.02,8.03,8.05,8.06,8.06,8.02,7.95,7.85,7.83,7.78,7.67,7.71,7.74,7.74,7.74,7.73,7.83,,,,,,,,,,,,,,,,,,,,,,,,,,,,,,,,,,,,,,,,,,,,,,,,,,,,,,,,,,,,,,,,,,,,,,,,,,,,,,,,,,,,,,,,,,,,,,,,,,,,,,
31,5/8/21,2:17:17 PM,F-05_1,Normal,MA|30|150|5|0.075,13.8,0.48,9.61E-04,31.9,13.3,0.21,203854,0.73,9.96E-02,SOS|-93.66|0.0,0.45,67,0.51,0.03,0.06,0.12,0.45,0.6,0.93,1.17,1.52,1.86,2.29,2.88,3.4,4.11,4.82,5.49,6.2,6.78,7.41,7.99,8.5,9.05,9.45,9.98,10.38,10.67,10.99,11.28,11.59,11.86,12.1,12.36,12.62,12.84,13.08,13.21,13.39,13.47,13.55,13.59,13.61,13.71,13.69,13.82,13.85,13.95,14.03,14.06,14.15,14.19,14.23,14.23,14.21,14.15,14.18,14.12,14.04,14.08,13.93,13.87,13.83,13.82,13.8,13.8,13.76,13.79,13.72,13.7,,,,,,,,,,,,,,,,,,,,,,,,,,,,,,,,,,,,,,,,,,,,,,,,,,,,,,,,,,,,,,,,,,,,,,,,,,,,,,,,,,,,,,,,,,,,,,,,,,,,,
32,5/8/21,2:18:19 PM,F-05_2,Normal,MA|30|150|5|0.075,11.96,0.57,3.57E-02,32.3,14.5,0.219,203854,0.73,9.96E-02,SOS|-93.66|0.0,0.45,105,0.51,13.44,13.46,13.46,13.53,13.53,13.53,13.55,13.51,13.54,13.6,13.78,13.98,14.29,14.63,14.98,15.24,15.53,15.82,16,16.19,16.28,16.43,16.54,16.57,16.6,16.6,16.62,16.6,16.59,16.59,16.58,16.53,16.5,16.5,16.48,16.46,16.23,16.1,16.05,15.98,15.95,15.84,15.82,15.76,15.65,15.56,15.42,15.36,15.24,15.17,15.09,15,14.93,14.79,14.68,14.58,14.57,14.46,14.38,14.36,14.31,14.2,14.08,14.03,13.99,13.94,13.89,13.84,13.77,13.66,13.59,13.49,13.41,13.38,13.33,13.33,13.29,13.27,13.18,13.14,13.02,12.88,12.77,12.67,12.67,12.61,12.6,12.64,12.64,12.58,12.5,12.44,12.39,12.27,12.19,12.11,12.03,11.95,11.93,11.93,11.89,11.92,11.96,11.98,11.9,,,,,,,,,,,,,,,,,,,,,,,,,,,,,,,,,,,,,,,,,,,,,,,,,,,,,,,,,,,,,,,
33,5/8/21,2:19:07 PM,F-05_3,Normal,MA|30|150|5|0.075,7.27,0.88,2.25E-02,31.6,13.8,0.224,203854,0.73,9.96E-02,SOS|-93.66|0.0,0.45,77,0.51,11.13,11.02,11.03,11.02,10.98,11.02,11.11,11.16,11.21,11.26,11.26,11.29,11.26,11.26,11.26,11.25,11.19,11.19,11.18,11.12,10.87,10.77,10.71,10.56,10.41,10.38,10.3,10.16,10.05,9.95,9.85,9.69,9.6,9.5,9.4,9.34,9.26,9.24,9.12,9.04,8.9,8.79,8.74,8.64,8.57,8.54,8.48,8.43,8.36,8.32,8.32,8.24,8.19,8.13,8.08,8.03,7.97,7.96,7.98,7.92,7.9,7.87,7.78,7.73,7.62,7.59,7.48,7.39,7.37,7.26,7.24,7.24,7.26,7.2,7.22,7.28,7.24,,,,,,,,,,,,,,,,,,,,,,,,,,,,,,,,,,,,,,,,,,,,,,,,,,,,,,,,,,,,,,,,,,,,,,,,,,,,,,,,,,,,,,,,,,,
34,5/8/21,2:19:46 PM,F-05_4,Normal,MA|30|150|5|0.075,8.3,0.22,9.27E-05,31.6,14.4,0.228,203854,0.73,9.96E-02,SOS|-93.66|0.0,0.45,59,0.51,6.51,6.59,6.58,6.62,6.59,6.59,6.69,6.69,6.73,6.96,7.17,7.36,7.54,7.71,7.83,7.99,8.1,8.17,8.27,8.27,8.32,8.37,8.36,8.39,8.37,8.4,8.37,8.37,8.32,8.32,8.3,8.3,8.35,8.32,8.32,8.29,8.32,8.34,8.32,8.29,8.31,8.34,8.31,8.29,8.28,8.33,8.3,8.3,8.32,8.32,8.33,8.3,8.28,8.27,8.29,8.29,8.29,8.28,8.31,,,,,,,,,,,,,,,,,,,,,,,,,,,,,,,,,,,,,,,,,,,,,,,,,,,,,,,,,,,,,,,,,,,,,,,,,,,,,,,,,,,,,,,,,,,,,,,,,,,,,,,,,,,,,
35,5/8/21,2:20:24 PM,F-05_5,Normal,MA|30|150|5|0.075,7.68,0.77,1.30E-02,31.9,14.9,0.231,203854,0.73,9.96E-02,SOS|-93.66|0.0,0.45,59,0.51,8.69,8.97,9.38,9.66,9.86,10.01,10.06,10.14,10.13,10.23,10.3,10.39,10.4,10.45,10.44,10.41,10.4,10.3,10.24,10.13,10.06,9.93,9.82,9.76,9.68,9.65,9.59,9.57,9.51,9.4,9.27,9.17,9.12,9.05,8.96,8.89,8.85,8.74,8.66,8.53,8.48,8.45,8.39,8.34,8.28,8.22,8.06,7.95,7.86,7.79,7.66,7.66,7.7,7.7,7.69,7.65,7.72,7.65,7.57,,,,,,,,,,,,,,,,,,,,,,,,,,,,,,,,,,,,,,,,,,,,,,,,,,,,,,,,,,,,,,,,,,,,,,,,,,,,,,,,,,,,,,,,,,,,,,,,,,,,,,,,,,,,,
36,5/8/21,2:24:55 PM,F-06_1,Normal,MA|30|150|5|0.075,13.76,0.42,9.05E-03,31.6,13.8,0.238,203854,0.73,0.1111307,SOS|-93.66|0.0,0.45,79,0.51,-0.05,0,0.03,0.29,0.49,0.86,1.25,1.63,2.09,2.5,3.06,3.65,4.34,5.05,5.86,6.79,7.73,8.62,9.51,10.38,11.23,11.95,12.58,13.14,13.68,14.16,14.48,14.81,15.09,15.31,15.49,15.57,15.67,15.7,15.71,15.77,15.71,15.7,15.7,15.69,15.69,15.62,15.65,15.65,15.62,15.62,15.58,15.45,15.39,15.34,15.28,15.18,15.16,15.1,15,14.9,14.83,14.79,14.7,14.61,14.53,14.41,14.41,14.31,14.27,14.17,14.09,14.06,13.96,13.89,13.81,13.78,13.79,13.75,13.72,13.74,13.73,13.74,13.68,,,,,,,,,,,,,,,,,,,,,,,,,,,,,,,,,,,,,,,,,,,,,,,,,,,,,,,,,,,,,,,,,,,,,,,,,,,,,,,,,,,,,,,,,
37,5/8/21,2:25:47 PM,F-06_2,Normal,MA|30|150|5|0.075,10.42,0.56,1.10E-02,31.7,13.9,0.245,203854,0.73,0.1111307,SOS|-93.66|0.0,0.45,82,0.51,12.27,11.83,11.35,10.91,10.57,10.35,10.19,10.12,10.06,10,9.92,9.89,9.94,9.93,10.04,10.15,10.32,10.5,10.7,10.93,11.08,11.25,11.42,11.54,11.64,11.71,11.76,11.79,11.84,11.88,11.93,12.02,12.09,12.22,12.21,12.27,12.32,12.32,12.34,12.32,12.37,12.39,12.31,12.23,12.23,12.12,12.06,11.96,11.88,11.86,11.81,11.76,11.71,11.71,11.73,11.72,11.67,11.64,11.56,11.5,11.46,11.36,11.28,11.19,11.12,10.99,10.94,10.85,10.77,10.75,10.69,10.64,10.53,10.51,10.45,10.39,10.39,10.41,10.4,10.39,10.39,10.34,,,,,,,,,,,,,,,,,,,,,,,,,,,,,,,,,,,,,,,,,,,,,,,,,,,,,,,,,,,,,,,,,,,,,,,,,,,,,,,,,,,,,,
38,5/8/21,2:26:27 PM,F-06_3,Normal,MA|30|150|5|0.075,10.2,0.62,7.10E-03,31.4,14.2,0.249,203854,0.73,0.1111307,SOS|-93.66|0.0,0.45,62,0.51,9.53,9.41,9.31,9.21,9.11,9.06,8.93,8.93,8.93,8.95,9.04,9.18,9.48,9.74,10.06,10.38,10.68,10.97,11.23,11.45,11.6,11.76,11.93,11.96,12.05,12.09,12.11,12.11,12.07,12.07,12.02,11.95,11.9,11.8,11.72,11.64,11.56,11.53,11.42,11.39,11.34,11.28,11.24,11.12,11.09,10.99,10.86,10.81,10.67,10.58,10.46,10.41,10.33,10.24,10.22,10.22,10.2,10.17,10.2,10.16,10.13,10.1,,,,,,,,,,,,,,,,,,,,,,,,,,,,,,,,,,,,,,,,,,,,,,,,,,,,,,,,,,,,,,,,,,,,,,,,,,,,,,,,,,,,,,,,,,,,,,,,,,,,,,,,,,
39,5/8/21,2:27:34 PM,F-06_4,Normal,MA|30|150|5|0.075,6.94,1.05,9.62E-02,31.3,14.7,0.258,203854,0.73,0.1111307,SOS|-93.66|0.0,0.45,118,0.51,10.51,11.23,12.26,13.53,15.07,16.54,18.02,19.6,21,22.25,23.28,24.1,24.5,24.7,24.74,24.63,24.36,24,23.67,23.23,22.79,22.34,21.86,21.41,20.86,20.3,19.77,19.23,18.75,18.24,17.85,17.39,16.94,16.59,16.19,15.84,15.45,15.12,14.82,14.49,14.16,13.88,13.57,13.38,13.17,12.94,12.77,12.57,12.36,12.16,11.96,11.76,11.61,11.49,11.4,11.26,11.14,10.96,10.81,10.61,10.44,10.25,10.12,10.02,9.94,9.83,9.73,9.63,9.53,9.43,9.33,9.23,9.18,9.1,8.98,8.93,8.85,8.82,8.76,8.71,8.65,8.6,8.5,8.38,8.28,8.23,8.2,8.1,8.07,8.07,8,7.94,7.89,7.83,7.74,7.65,7.62,7.58,7.52,7.47,7.52,7.47,7.45,7.37,7.32,7.33,7.2,7.17,7.07,7.05,7,6.9,6.92,6.9,6.87,6.89,6.89,6.94,,,,,,,,,,,,,,,,,,,,,,,,,,,,,,,,,,,,,,,,,,,,,,,,,,
40,5/8/21,2:28:34 PM,F-06_5,Normal,MA|30|150|5|0.075,8.7,0.83,7.95E-02,31.4,15.3,0.267,203854,0.73,0.1111307,SOS|-93.66|0.0,0.45,101,0.51,8.14,9.15,10.55,12.14,13.84,15.42,16.87,18.48,19.87,21,22,22.8,23.33,23.62,23.75,23.82,23.72,23.57,23.32,23.02,22.65,22.25,21.85,21.42,21.07,20.6,20.22,19.77,19.4,19,18.5,18.2,17.77,17.42,17.03,16.72,16.42,16.04,15.74,15.52,15.25,14.97,14.75,14.5,14.25,13.99,13.74,13.54,13.32,13.19,13.07,12.88,12.75,12.6,12.45,12.25,12.07,11.95,11.85,11.72,11.6,11.47,11.35,11.27,11.12,11,10.87,10.8,10.7,10.5,10.4,10.27,10.15,10.02,9.95,9.9,9.82,9.75,9.67,9.6,9.47,9.42,9.3,9.3,9.25,9.19,9.14,9.09,9.04,8.94,8.92,8.83,8.8,8.7,8.72,8.7,8.67,8.7,8.65,8.67,8.57,,,,,,,,,,,,,,,,,,,,,,,,,,,,,,,,,,,,,,,,,,,,,,,,,,,,,,,,,,,,,,,,,,,
41,5/8/21,2:31:48 PM,F-12_1,Normal,MA|30|150|5|0.075,10.02,0.5,6.26E-04,30.7,14.5,0.273,203854,0.73,0.1111307,SOS|-93.66|0.0,0.45,67,0.51,0.08,0.45,0.85,1.29,1.76,2.29,2.67,3.1,3.42,3.64,3.94,4.18,4.45,4.67,4.92,5.22,5.55,5.89,6.27,6.61,6.95,7.29,7.55,7.85,8.09,8.36,8.59,8.78,8.99,9.17,9.31,9.39,9.46,9.51,9.64,9.69,9.76,9.84,9.96,10.06,10.06,10.06,10.08,10.05,10.04,9.99,10.01,10.11,10.07,10.3,10.41,10.55,10.56,10.58,10.53,10.44,10.28,10.12,10.09,10.01,9.98,9.98,10,10.05,9.98,10,10,,,,,,,,,,,,,,,,,,,,,,,,,,,,,,,,,,,,,,,,,,,,,,,,,,,,,,,,,,,,,,,,,,,,,,,,,,,,,,,,,,,,,,,,,,,,,,,,,,,,,
42,5/8/21,2:32:49 PM,F-12_2,Normal,MA|30|150|5|0.075,7.93,0.93,2.63E-02,31.2,14.5,0.279,203854,0.73,0.1111307,SOS|-93.66|0.0,0.45,100,0.51,8.91,8.73,8.51,8.3,8.26,8.27,8.37,8.48,8.55,8.68,8.82,8.94,9.12,9.27,9.57,9.83,10.08,10.32,10.57,10.81,11.06,11.25,11.37,11.49,11.58,11.6,11.57,11.59,11.61,11.59,11.54,11.61,11.63,11.55,11.55,11.55,11.58,11.54,11.54,11.51,11.48,11.28,11.16,11.05,10.99,10.91,10.83,10.81,10.7,10.62,10.51,10.4,10.39,10.29,10.17,10.07,9.97,9.92,9.79,9.68,9.68,9.63,9.51,9.39,9.29,9.25,9.16,9.13,9.14,9.15,9.1,9.07,9,8.95,8.9,8.8,8.78,8.68,8.65,8.6,8.54,8.54,8.51,8.53,8.53,8.47,8.4,8.35,8.25,8.17,8.09,8.01,7.97,7.92,7.92,7.9,7.87,7.9,7.85,7.86,,,,,,,,,,,,,,,,,,,,,,,,,,,,,,,,,,,,,,,,,,,,,,,,,,,,,,,,,,,,,,,,,,,,
43,5/8/21,2:33:27 PM,F-12_3,Normal,MA|30|150|5|0.075,8.31,0.79,8.64E-03,31.2,14.6,0.283,203854,0.73,0.1111307,SOS|-93.66|0.0,0.45,60,0.51,7.94,8.22,8.5,8.76,8.95,9.07,9.24,9.4,9.62,9.81,10.02,10.26,10.43,10.53,10.63,10.7,10.69,10.69,10.62,10.59,10.51,10.41,10.38,10.28,10.21,10.14,10.01,9.92,9.77,9.64,9.52,9.39,9.31,9.26,9.24,9.18,9.17,9.15,9.08,8.98,8.95,8.94,8.87,8.82,8.81,8.83,8.74,8.64,8.6,8.56,8.46,8.39,8.31,8.29,8.29,8.26,8.24,8.26,8.31,8.33,,,,,,,,,,,,,,,,,,,,,,,,,,,,,,,,,,,,,,,,,,,,,,,,,,,,,,,,,,,,,,,,,,,,,,,,,,,,,,,,,,,,,,,,,,,,,,,,,,,,,,,,,,,,
44,5/8/21,2:34:37 PM,F-12_4,Normal,MA|30|150|5|0.075,8.36,0.88,9.55E-02,31.8,15.1,0.292,203854,0.73,0.1111307,SOS|-93.66|0.0,0.45,120,0.51,9.69,11.06,12.83,14.88,17.14,19.14,20.83,22.39,23.65,24.67,25.38,25.91,26.13,26.12,25.97,25.73,25.37,24.96,24.49,24.05,23.52,23.01,22.57,22.05,21.61,21.09,20.66,20.17,19.72,19.3,18.76,18.35,17.91,17.53,17.15,16.76,16.47,16.13,15.83,15.55,15.25,15,14.72,14.5,14.32,14.05,13.86,13.69,13.54,13.33,13.12,12.97,12.85,12.65,12.49,12.36,12.23,12.12,11.95,11.85,11.73,11.64,11.55,11.45,11.35,11.21,11.13,11.04,10.93,10.84,10.79,10.76,10.67,10.54,10.5,10.42,10.36,10.34,10.29,10.25,10.15,10.08,9.95,9.85,9.81,9.74,9.71,9.61,9.54,9.47,9.33,9.29,9.21,9.14,9.17,9.15,9.14,9.06,9.02,9.02,8.9,8.87,8.86,8.88,8.89,8.84,8.81,8.7,8.68,8.59,8.51,8.43,8.41,8.41,8.34,8.34,8.27,8.33,8.28,8.31,,,,,,,,,,,,,,,,,,,,,,,,,,,,,,,,,,,,,,,,,,,,,,,,
45,5/8/21,2:35:19 PM,F-12_5,Normal,MA|30|150|5|0.075,11.97,0.57,2.03E-02,31.5,14.8,0.298,203854,0.73,0.1111307,SOS|-93.66|0.0,0.45,66,0.51,9.4,10.12,11.01,12,12.92,13.67,14.34,14.98,15.57,16.07,16.49,16.83,17.02,17.22,17.23,17.26,17.19,17.09,16.99,16.82,16.69,16.48,16.31,16.15,15.93,15.74,15.54,15.34,15.14,14.89,14.72,14.53,14.35,14.2,14.02,13.9,13.76,13.61,13.5,13.38,13.27,13.15,13.08,12.99,12.85,12.73,12.66,12.57,12.46,12.41,12.35,12.33,12.28,12.24,12.19,12.15,12.09,12.04,11.99,11.99,11.98,11.96,11.94,11.92,11.89,11.87,,,,,,,,,,,,,,,,,,,,,,,,,,,,,,,,,,,,,,,,,,,,,,,,,,,,,,,,,,,,,,,,,,,,,,,,,,,,,,,,,,,,,,,,,,,,,,,,,,,,,,
46,5/8/21,2:51:16 PM,W-001_1,Normal,MA|30|150|5|0.075,25.84,0.21,3.93E-05,32.9,14.9,0.317,203854,0.73,0.1344095,SOS|-93.66|0.0,0.45,140,0.51,0.82,1.23,1.76,2.39,3.07,3.72,4.1,4.6,5.05,5.54,6.02,6.56,7.11,7.74,8.32,8.85,9.46,9.99,10.5,10.88,11.34,11.69,11.94,12.18,12.4,12.61,12.69,12.79,12.92,12.99,13.05,13.12,13.2,13.27,13.31,13.36,13.42,13.42,13.5,13.62,13.79,13.97,14.13,14.34,14.57,14.77,14.97,15.17,15.43,15.66,15.89,16.18,16.38,16.68,16.87,17.11,17.34,17.52,17.78,17.95,18.21,18.43,18.61,18.86,19.05,19.31,19.49,19.74,19.98,20.22,20.39,20.55,20.73,20.91,21.1,21.22,21.43,21.59,21.72,21.82,21.91,22.01,22.12,22.22,22.38,22.46,22.56,22.58,22.63,22.65,22.62,22.63,22.73,22.83,22.91,23.03,23.14,23.25,23.31,23.44,23.55,23.6,23.74,23.83,23.89,24.03,24.08,24.16,24.18,24.3,24.42,24.42,24.53,24.61,24.7,24.78,24.82,24.93,25.01,25.14,25.25,25.36,25.45,25.5,25.53,25.48,25.53,25.5,25.57,25.65,25.71,25.81,25.84,25.91,25.86,25.87,25.82,25.86,25.86,25.82,,,,,,,,,,,,,,,,,,,,,,,,,,,,
47,5/8/21,2:52:20 PM,W-001_2,Normal,MA|30|150|5|0.075,11.16,0.53,4.64E-02,32.3,13.8,0.327,203854,0.73,0.1344095,SOS|-93.66|0.0,0.45,106,0.51,23.37,22.45,21.46,20.51,19.77,19.18,18.72,18.21,17.8,17.43,17.05,16.75,16.56,16.42,16.32,16.28,16.29,16.29,16.32,16.33,16.29,16.27,16.2,16.15,16.1,16.01,15.98,15.88,15.81,15.74,15.6,15.51,15.37,15.24,15.16,15.06,14.92,14.9,14.83,14.8,14.71,14.6,14.56,14.43,14.38,14.31,14.24,14.21,14.16,14.12,14.02,13.9,13.85,13.78,13.76,13.7,13.65,13.6,13.55,13.51,13.46,13.42,13.37,13.38,13.3,13.21,13.13,13,12.9,12.8,12.71,12.65,12.53,12.43,12.4,12.27,12.27,12.23,12.18,12.19,12.11,12.07,11.97,11.9,11.83,11.75,11.72,11.73,11.7,11.67,11.71,11.66,11.59,11.55,11.5,11.4,11.28,11.23,11.16,11.14,11.09,11.1,11.12,11.13,11.18,11.16,,,,,,,,,,,,,,,,,,,,,,,,,,,,,,,,,,,,,,,,,,,,,,,,,,,,,,,,,,,,,,
48,5/8/21,2:53:02 PM,W-001_3,Normal,MA|30|150|5|0.075,8.29,0.8,1.16E-02,32.8,13.4,0.332,203854,0.73,0.1344095,SOS|-93.66|0.0,0.45,61,0.51,10.78,10.78,10.79,10.87,10.9,11.03,11.08,11.02,10.92,10.82,10.74,10.71,10.66,10.62,10.67,10.62,10.54,10.5,10.34,10.28,10.14,10.05,10.05,9.94,9.97,9.9,9.86,9.84,9.71,9.64,9.56,9.53,9.48,9.43,9.39,9.32,9.23,9.15,9.02,8.93,8.87,8.85,8.85,8.82,8.84,8.79,8.77,8.69,8.64,8.54,8.47,8.45,8.34,8.32,8.27,8.27,8.25,8.22,8.25,8.25,8.26,,,,,,,,,,,,,,,,,,,,,,,,,,,,,,,,,,,,,,,,,,,,,,,,,,,,,,,,,,,,,,,,,,,,,,,,,,,,,,,,,,,,,,,,,,,,,,,,,,,,,,,,,,,
49,5/8/21,2:53:55 PM,W-001_4,Normal,MA|30|150|5|0.075,9.72,0.62,0.0174809,32.5,13.5,0.338,203854,0.73,0.1344095,SOS|-93.66|0.0,0.45,64,0.51,13.24,13.5,13.86,14.09,14.27,14.35,14.34,14.33,14.26,14.18,14.09,13.96,13.88,13.77,13.62,13.45,13.26,13.04,12.89,12.72,12.5,12.36,12.23,12.12,11.94,11.73,11.65,11.58,11.42,11.3,11.23,11.18,11.07,10.98,10.93,10.86,10.78,10.76,10.71,10.6,10.52,10.45,10.37,10.29,10.28,10.28,10.21,10.16,10.12,10.07,10.03,9.93,9.91,9.91,9.84,9.79,9.74,9.74,9.71,9.62,9.68,9.69,9.69,9.7,,,,,,,,,,,,,,,,,,,,,,,,,,,,,,,,,,,,,,,,,,,,,,,,,,,,,,,,,,,,,,,,,,,,,,,,,,,,,,,,,,,,,,,,,,,,,,,,,,,,,,,,
50,5/8/21,2:54:34 PM,W-001_5,Normal,MA|30|150|5|0.075,7.46,0.74,1.46E-02,32.6,13,0.342,203854,0.73,0.1344095,SOS|-93.66|0.0,0.45,63,0.51,9.83,10.03,10.31,10.63,10.78,10.93,10.97,10.97,10.92,10.87,10.91,10.87,10.75,10.67,10.59,10.46,10.29,10.17,10.03,9.96,9.81,9.7,9.57,9.44,9.37,9.28,9.19,9.08,9.04,8.96,8.89,8.76,8.7,8.68,8.63,8.58,8.47,8.45,8.35,8.22,8.12,8.07,8.05,7.99,7.99,8.03,7.98,7.96,7.89,7.84,7.79,7.69,7.67,7.56,7.54,7.49,7.43,7.43,7.41,7.44,7.44,7.44,7.39,,,,,,,,,,,,,,,,,,,,,,,,,,,,,,,,,,,,,,,,,,,,,,,,,,,,,,,,,,,,,,,,,,,,,,,,,,,,,,,,,,,,,,,,,,,,,,,,,,,,,,,,,
51,5/8/21,2:57:32 PM,F-16_1,Normal,MA|30|150|5|0.075,13.52,0.4,5.22E-05,32.2,12.2,0.348,203854,0.73,0.1344095,SOS|-93.66|0.0,0.45,69,0.51,0.19,0.21,0.43,0.62,0.75,0.99,1.17,1.42,1.73,2.04,2.54,3.05,3.65,4.34,5,5.63,6.22,6.77,7.29,7.78,8.22,8.63,9.03,9.45,9.72,9.96,10.2,10.42,10.66,10.8,11.04,11.2,11.38,11.51,11.62,11.75,11.83,11.93,12.05,12.15,12.26,12.3,12.44,12.49,12.57,12.7,12.7,12.81,12.84,12.89,12.89,12.91,13.05,13.07,13.07,13.15,13.25,13.28,13.33,13.38,13.5,13.53,13.54,13.57,13.55,13.54,13.54,13.54,13.49,,,,,,,,,,,,,,,,,,,,,,,,,,,,,,,,,,,,,,,,,,,,,,,,,,,,,,,,,,,,,,,,,,,,,,,,,,,,,,,,,,,,,,,,,,,,,,,,,,,
52,5/8/21,2:58:23 PM,F-16_2,Normal,MA|30|150|5|0.075,10.86,0.46,4.37E-02,32,12.8,0.356,203854,0.73,0.1344095,SOS|-93.66|0.0,0.45,81,0.51,14.76,15.1,15.26,15.43,15.59,15.94,16.25,16.64,17.2,17.71,18.18,18.53,18.91,19.25,19.4,19.55,19.65,19.6,19.49,19.31,19.14,18.91,18.67,18.51,18.28,18,17.73,17.5,17.27,16.97,16.71,16.5,16.25,16.02,15.78,15.59,15.37,15.11,14.93,14.72,14.5,14.25,14.06,13.9,13.71,13.53,13.41,13.24,13.09,12.97,12.91,12.79,12.64,12.55,12.45,12.34,12.23,12.13,12.06,11.98,11.89,11.81,11.67,11.61,11.53,11.46,11.43,11.33,11.25,11.17,11.04,10.98,10.9,10.81,10.84,10.82,10.84,10.83,10.84,10.89,10.85,,,,,,,,,,,,,,,,,,,,,,,,,,,,,,,,,,,,,,,,,,,,,,,,,,,,,,,,,,,,,,,,,,,,,,,,,,,,,,,,,,,,,,,
53,5/8/21,2:59:05 PM,F-16_3,Normal,MA|30|150|5|0.075,9.41,0.77,1.71E-02,32,13.4,0.361,203854,0.73,0.1344095,SOS|-93.66|0.0,0.45,67,0.51,10.9,10.92,11,11.34,11.6,11.91,12.17,12.43,12.59,12.79,12.94,13.02,13.15,13.18,13.2,13.15,13.04,12.98,12.83,12.71,12.65,12.57,12.49,12.31,12.23,12.17,11.99,11.85,11.73,11.65,11.54,11.44,11.32,11.22,11.11,11,10.84,10.7,10.67,10.59,10.5,10.47,10.42,10.37,10.21,10.16,10.13,10.03,10,9.94,9.88,9.82,9.78,9.77,9.67,9.63,9.63,9.55,9.49,9.43,9.44,9.41,9.33,9.39,9.4,9.34,9.32,,,,,,,,,,,,,,,,,,,,,,,,,,,,,,,,,,,,,,,,,,,,,,,,,,,,,,,,,,,,,,,,,,,,,,,,,,,,,,,,,,,,,,,,,,,,,,,,,,,,,
54,5/8/21,2:59:42 PM,F-16_4,Normal,MA|30|150|5|0.075,8.64,0.58,6.45E-03,32,13.4,0.365,203854,0.73,0.1344095,SOS|-93.66|0.0,0.45,59,0.51,8.8,8.78,8.77,8.89,9.06,9.2,9.38,9.59,9.77,9.95,10.08,10.18,10.31,10.44,10.52,10.58,10.6,10.6,10.51,10.43,10.36,10.26,10.12,10.02,10.02,9.97,9.87,9.79,9.76,9.75,9.62,9.54,9.46,9.42,9.37,9.31,9.32,9.29,9.32,9.26,9.24,9.16,9.06,9.03,8.98,8.98,8.89,8.84,8.83,8.74,8.69,8.62,8.57,8.63,8.63,8.63,8.62,8.62,8.7,,,,,,,,,,,,,,,,,,,,,,,,,,,,,,,,,,,,,,,,,,,,,,,,,,,,,,,,,,,,,,,,,,,,,,,,,,,,,,,,,,,,,,,,,,,,,,,,,,,,,,,,,,,,,
55,5/8/21,3:00:22 PM,F-16_5,Normal,MA|30|150|5|0.075,9,0.74,1.42E-02,31.4,13.8,0.369,203854,0.73,0.1344095,SOS|-93.66|0.0,0.45,65,0.51,8.61,8.66,8.72,9,9.44,9.95,10.42,10.91,11.37,11.73,12.04,12.25,12.43,12.51,12.51,12.58,12.51,12.46,12.37,12.27,12.18,12.06,11.95,11.84,11.69,11.55,11.42,11.28,11.21,11.04,10.91,10.77,10.63,10.51,10.42,10.32,10.27,10.2,10.12,10.09,9.93,9.82,9.76,9.73,9.68,9.56,9.54,9.49,9.39,9.36,9.31,9.27,9.21,9.21,9.17,9.04,9.06,9.07,9.02,9.04,8.99,9.02,8.95,8.89,8.89,,,,,,,,,,,,,,,,,,,,,,,,,,,,,,,,,,,,,,,,,,,,,,,,,,,,,,,,,,,,,,,,,,,,,,,,,,,,,,,,,,,,,,,,,,,,,,,,,,,,,,,
56,5/8/21,3:04:23 PM,F-19_1,Normal,MA|30|150|5|0.075,9.74,0.65,4.54E-02,32,14.6,0.381,203854,0.73,0.1344095,SOS|-93.66|0.0,0.45,131,0.51,0.03,0.09,0.12,0.47,0.78,1.17,1.67,2.2,2.77,3.34,3.93,4.6,5.23,5.95,6.71,7.44,8.15,8.82,9.52,10.16,10.7,11.24,11.72,12.18,12.63,13.04,13.37,13.71,14.07,14.34,14.55,14.71,14.91,15.01,15.13,15.15,15.23,15.25,15.26,15.34,15.34,15.42,15.36,15.36,15.36,15.3,15.27,15.27,15.27,15.23,15.1,15.01,14.89,14.79,14.73,14.67,14.54,14.42,14.33,14.21,14.07,13.99,13.89,13.85,13.77,13.66,13.54,13.4,13.27,13.08,12.98,12.89,12.79,12.74,12.66,12.6,12.52,12.39,12.35,12.27,12.24,12.24,12.16,12.12,12.01,11.93,11.8,11.7,11.65,11.62,11.62,11.59,11.62,11.51,11.46,11.35,11.27,11.16,11.04,11.05,11,11.01,10.98,10.95,10.87,10.82,10.72,10.63,10.51,10.46,10.44,10.38,10.38,10.31,10.31,10.23,10.17,10.11,10.01,9.99,9.89,9.86,9.82,9.77,9.7,9.71,9.74,9.73,9.68,9.65,9.69,,,,,,,,,,,,,,,,,,,,,,,,,,,,,,,,,,,,,
57,5/8/21,3:05:24 PM,F-19_2,Normal,MA|30|150|5|0.075,12.26,0.56,3.53E-02,32,15.7,0.39,203854,0.73,0.1344095,SOS|-93.66|0.0,0.45,98,0.51,11.02,11.35,11.58,11.91,12.33,12.78,13.2,13.72,14.24,14.73,15.21,15.7,16.19,16.62,16.99,17.35,17.62,17.86,18.04,18.18,18.31,18.36,18.42,18.44,18.39,18.29,18.18,18.1,17.98,17.82,17.74,17.64,17.54,17.33,17.23,17.09,16.91,16.76,16.59,16.49,16.31,16.22,16.08,15.96,15.84,15.7,15.57,15.39,15.29,15.21,15.06,14.93,14.85,14.75,14.65,14.54,14.49,14.42,14.35,14.28,14.21,14.07,14.02,13.93,13.8,13.7,13.6,13.5,13.39,13.29,13.2,13.14,13.01,12.96,12.89,12.87,12.86,12.83,12.81,12.83,12.77,12.7,12.65,12.61,12.59,12.52,12.48,12.47,12.39,12.34,12.3,12.19,12.22,12.19,12.22,12.22,12.22,12.27,,,,,,,,,,,,,,,,,,,,,,,,,,,,,,,,,,,,,,,,,,,,,,,,,,,,,,,,,,,,,,,,,,,,,,
58,5/8/21,3:06:44 PM,F-19_3,Normal,MA|30|150|5|0.075,9.25,0.73,0.117206,32.3,14.3,0.403,203854,0.73,0.1344095,SOS|-93.66|0.0,0.45,143,0.51,13.21,14.03,15.09,16.15,17.27,18.36,19.17,20.16,21.07,21.94,22.86,23.61,24.12,24.48,24.8,25.01,25.06,24.98,24.89,24.82,24.57,24.31,24.01,23.7,23.41,22.96,22.66,22.32,22.04,21.74,21.38,21.1,20.8,20.54,20.21,19.84,19.6,19.33,19.09,18.83,18.57,18.43,18.17,18,17.74,17.52,17.34,17.06,16.9,16.69,16.53,16.35,16.18,16.07,15.91,15.74,15.65,15.53,15.4,15.28,15.15,15.04,14.91,14.79,14.65,14.53,14.4,14.32,14.17,14.05,13.93,13.74,13.58,13.39,13.25,13.15,13.02,12.95,12.9,12.83,12.76,12.63,12.54,12.44,12.34,12.29,12.22,12.08,12.03,11.95,11.82,11.72,11.62,11.58,11.5,11.47,11.38,11.25,11.15,11.1,11.03,10.95,10.98,10.96,10.94,10.87,10.76,10.68,10.54,10.49,10.4,10.38,10.39,10.37,10.35,10.33,10.26,10.21,10.11,10.03,10.01,9.91,9.89,9.83,9.83,9.76,9.66,9.69,9.62,9.57,9.52,9.48,9.47,9.39,9.34,9.29,9.24,9.24,9.21,9.18,9.21,9.21,9.21,,,,,,,,,,,,,,,,,,,,,,,,,
59,5/8/21,3:07:45 PM,F-19_4,Normal,MA|30|150|5|0.075,8.05,0.92,0.0346652,31.9,14.9,0.409,203854,0.73,0.1344095,SOS|-93.66|0.0,0.45,102,0.51,9.11,9.19,9.32,9.42,9.59,9.61,9.75,9.8,9.88,10.02,10.12,10.28,10.41,10.64,10.88,11.08,11.34,11.58,11.86,12.02,12.18,12.32,12.42,12.49,12.53,12.61,12.6,12.62,12.59,12.6,12.56,12.53,12.45,12.51,12.5,12.47,12.32,12.21,12.18,12.03,11.91,11.8,11.7,11.6,11.5,11.45,11.33,11.27,11.19,11.11,11.03,10.85,10.77,10.68,10.53,10.44,10.39,10.37,10.26,10.13,10.08,10.01,9.93,9.86,9.79,9.76,9.65,9.57,9.44,9.39,9.36,9.31,9.31,9.23,9.23,9.14,9.11,9.01,8.87,8.81,8.74,8.72,8.66,8.66,8.63,8.62,8.59,8.51,8.46,8.4,8.35,8.24,8.15,8.13,8.08,8.03,8.03,8.06,8.07,8.01,7.99,7.9,,,,,,,,,,,,,,,,,,,,,,,,,,,,,,,,,,,,,,,,,,,,,,,,,,,,,,,,,,,,,,,,,,
60,5/8/21,3:08:36 PM,F-19_5,Normal,MA|30|150|5|0.075,11.66,0.61,1.16E-02,31.6,14.6,0.416,203854,0.73,0.1344095,SOS|-93.66|0.0,0.45,85,0.51,7.72,8.01,8.35,8.7,9.12,9.43,9.66,9.83,10.03,10.13,10.24,10.42,10.58,10.79,10.96,11.25,11.54,11.75,12.03,12.24,12.47,12.65,12.85,13.02,13.14,13.24,13.32,13.41,13.42,13.51,13.53,13.58,13.64,13.65,13.67,13.58,13.57,13.53,13.51,13.53,13.49,13.41,13.38,13.36,13.33,13.31,13.28,13.25,13.16,13.11,13.04,12.94,12.96,12.94,12.91,12.88,12.81,12.81,12.73,12.63,12.59,12.43,12.43,12.37,12.31,12.3,12.28,12.31,12.26,12.18,12.12,12.08,11.97,11.95,11.84,11.81,11.7,11.68,11.67,11.64,11.66,11.66,11.66,11.6,11.53,,,,,,,,,,,,,,,,,,,,,,,,,,,,,,,,,,,,,,,,,,,,,,,,,,,,,,,,,,,,,,,,,,,,,,,,,,,,,,,,,,,
61,5/8/21,3:12:45 PM,M-18_1,Normal,MA|30|150|5|0.075,9.36,0.63,4.01E-03,31.3,13.8,0.422,203854,0.73,0.1396228,SOS|-93.66|0.0,0.45,76,0.51,0.4,0.72,1.12,1.59,2.09,2.58,2.91,3.27,3.58,3.89,4.22,4.59,4.89,5.26,5.71,6.16,6.57,6.9,7.32,7.67,7.99,8.24,8.54,8.79,9.06,9.28,9.42,9.62,9.77,9.95,10.02,10.1,10.19,10.23,10.26,10.25,10.31,10.35,10.35,10.37,10.39,10.41,10.38,10.31,10.29,10.25,10.25,10.09,10.07,10.01,10.01,10.04,9.97,9.99,9.99,9.93,9.85,9.79,9.8,9.71,9.66,9.66,9.69,9.63,9.6,9.57,9.49,9.43,9.38,9.32,9.32,9.33,9.33,9.32,9.32,9.32,,,,,,,,,,,,,,,,,,,,,,,,,,,,,,,,,,,,,,,,,,,,,,,,,,,,,,,,,,,,,,,,,,,,,,,,,,,,,,,,,,,,,,,,,,,,
62,5/8/21,3:13:26 PM,M-18_2,Normal,MA|30|150|5|0.075,9.85,0.57,3.41E-03,31.5,13.8,0.426,203854,0.73,0.1396228,SOS|-93.66|0.0,0.45,63,0.51,9.09,9.05,9.01,8.89,8.66,8.55,8.48,8.41,8.45,8.5,8.68,8.82,9.04,9.21,9.37,9.54,9.77,9.91,9.97,10.15,10.29,10.38,10.44,10.54,10.64,10.63,10.63,10.66,10.62,10.67,10.69,10.71,10.67,10.62,10.59,10.59,10.56,10.58,10.58,10.44,10.51,10.48,10.52,10.54,10.54,10.53,10.45,10.43,10.26,10.19,10.14,10.05,10.07,9.99,9.89,9.86,9.85,9.86,9.8,9.83,9.87,9.79,9.8,,,,,,,,,,,,,,,,,,,,,,,,,,,,,,,,,,,,,,,,,,,,,,,,,,,,,,,,,,,,,,,,,,,,,,,,,,,,,,,,,,,,,,,,,,,,,,,,,,,,,,,,,
63,5/8/21,3:14:25 PM,M-18_3,Normal,MA|30|150|5|0.075,8.68,0.4,8.65E-04,31.3,13.5,0.432,203854,0.73,0.1396228,SOS|-93.66|0.0,0.45,63,0.51,7.17,7.16,7.21,7.13,7.15,7.2,7.19,7.19,7.21,7.23,7.26,7.39,7.52,7.65,7.78,7.94,7.99,8.12,8.19,8.29,8.33,8.4,8.51,8.57,8.68,8.73,8.75,8.79,8.79,8.81,8.73,8.7,8.77,8.74,8.75,8.77,8.83,9.01,9.03,9.03,9.05,9.02,9.01,9.02,8.96,8.99,8.97,8.98,8.95,8.98,8.98,8.92,8.91,8.75,8.74,8.66,8.66,8.68,8.68,8.67,8.67,8.65,8.68,,,,,,,,,,,,,,,,,,,,,,,,,,,,,,,,,,,,,,,,,,,,,,,,,,,,,,,,,,,,,,,,,,,,,,,,,,,,,,,,,,,,,,,,,,,,,,,,,,,,,,,,,
64,5/8/21,3:15:36 PM,M-18_4,Normal,MA|30|150|5|0.075,12.33,0.58,2.88E-02,31.6,15.7,0.441,203854,0.73,0.1396228,SOS|-93.66|0.0,0.45,83,0.51,12.36,12.79,13.14,13.48,13.87,14.2,14.38,14.65,14.96,15.25,15.49,15.7,15.89,16.06,16.2,16.41,16.51,16.66,16.8,16.9,17.02,16.99,17.08,17.1,17.04,17.04,16.98,17.01,16.92,16.9,16.79,16.7,16.58,16.42,16.29,16.21,16.06,15.99,15.83,15.72,15.65,15.5,15.38,15.21,15.1,14.98,14.86,14.74,14.61,14.48,14.37,14.28,14.13,14.06,13.96,13.87,13.82,13.69,13.65,13.52,13.43,13.33,13.23,13.14,13.04,12.94,12.94,12.93,12.86,12.81,12.72,12.69,12.6,12.48,12.38,12.37,12.33,12.33,12.25,12.3,12.34,12.28,12.24,,,,,,,,,,,,,,,,,,,,,,,,,,,,,,,,,,,,,,,,,,,,,,,,,,,,,,,,,,,,,,,,,,,,,,,,,,,,,,,,,,,,,
65,5/8/21,3:16:19 PM,M-18_5,Normal,MA|30|150|5|0.075,11.82,0.63,3.81E-03,31.7,14.1,0.447,203854,0.73,0.1396228,SOS|-93.66|0.0,0.45,70,0.51,11.66,11.56,11.46,11.36,11.31,11.14,11.13,11.1,11.15,11.15,11.15,11.15,11.24,11.39,11.43,11.51,11.63,11.77,11.9,11.92,12.04,12.19,12.26,12.31,12.34,12.38,12.48,12.45,12.53,12.58,12.62,12.64,12.56,12.64,12.57,12.6,12.55,12.59,12.57,12.57,12.6,12.57,12.58,12.53,12.55,12.52,12.52,12.3,12.28,12.33,12.29,12.32,12.3,12.36,12.33,12.3,12.3,12.27,12.07,11.99,11.97,11.92,11.87,11.78,11.8,11.78,11.76,11.78,11.75,11.78,,,,,,,,,,,,,,,,,,,,,,,,,,,,,,,,,,,,,,,,,,,,,,,,,,,,,,,,,,,,,,,,,,,,,,,,,,,,,,,,,,,,,,,,,,,,,,,,,,
66,5/8/21,3:19:34 PM,W-032_1,Normal,MA|30|150|5|0.075,16.02,0.45,6.12E-02,31.7,14.1,0.465,203854,0.73,0.1396228,SOS|-93.66|0.0,0.45,142,0.51,3.7,4.69,5.53,6.2,6.82,7.42,7.96,8.51,9.18,9.89,10.6,11.39,12.18,13.04,14.01,14.91,15.75,16.57,17.31,18.05,18.58,19.13,19.66,20.13,20.56,20.94,21.25,21.54,21.72,21.88,21.98,22.04,22.04,22.09,22.1,22.08,22.09,22.09,22.1,22.1,22.04,22.04,22.02,22.02,22.02,22,21.96,21.73,21.69,21.63,21.61,21.5,21.54,21.52,21.45,21.39,21.34,21.37,21.28,21.24,21.2,21.17,21.07,20.94,20.86,20.8,20.74,20.67,20.64,20.6,20.56,20.42,20.32,20.18,20.07,20,19.9,19.91,19.9,19.89,19.87,19.75,19.68,19.55,19.41,19.34,19.25,19.21,19.13,19.06,18.99,18.88,18.83,18.76,18.7,18.63,18.56,18.48,18.36,18.31,18.19,18.15,18.13,18.08,17.99,17.87,17.82,17.69,17.65,17.58,17.56,17.57,17.45,17.39,17.27,17.22,17.15,17.04,17.04,16.99,16.89,16.82,16.7,16.66,16.59,16.58,16.59,16.51,16.52,16.45,16.35,16.27,16.15,16.11,16.03,16.01,16.02,16,16.03,15.98,15.96,15.89,,,,,,,,,,,,,,,,,,,,,,,,,,
67,5/8/21,3:20:42 PM,W-032_2,Normal,MA|30|150|5|0.075,13.33,0.46,3.64E-02,31.8,14.7,0.477,203854,0.73,0.1396228,SOS|-93.66|0.0,0.45,111,0.51,17.36,17.54,17.62,17.55,17.45,17.14,16.82,16.46,16.16,15.92,15.7,15.66,15.66,15.74,15.91,16.08,16.26,16.42,16.57,16.78,16.95,17.12,17.25,17.36,17.44,17.49,17.52,17.58,17.63,17.63,17.65,17.68,17.6,17.54,17.5,17.51,17.52,17.38,17.34,17.28,17.19,17.12,17.01,16.96,16.9,16.78,16.68,16.64,16.51,16.37,16.29,16.25,16.18,16.06,16.02,15.95,15.88,15.81,15.73,15.66,15.55,15.5,15.38,15.29,15.2,15.15,15.07,15.01,14.99,14.9,14.83,14.76,14.74,14.62,14.56,14.53,14.54,14.47,14.43,14.39,14.4,14.39,14.31,14.27,14.22,14.23,14.11,14.04,13.96,13.94,13.85,13.83,13.83,13.76,13.77,13.7,13.7,13.64,13.59,13.55,13.49,13.45,13.41,13.36,13.27,13.3,13.29,13.31,13.32,13.27,13.3,,,,,,,,,,,,,,,,,,,,,,,,,,,,,,,,,,,,,,,,,,,,,,,,,,,,,,,,,
68,5/8/21,3:21:48 PM,W-032_3,Normal,MA|30|150|5|0.075,12.72,0.5,6.18E-02,32.8,15.9,0.488,203854,0.73,0.1396228,SOS|-93.66|0.0,0.45,111,0.51,15.14,16.02,16.93,17.78,18.41,18.9,19.31,19.86,20.35,20.82,21.25,21.66,22,22.19,22.33,22.38,22.42,22.35,22.3,22.19,22.05,21.86,21.61,21.42,21.13,20.93,20.67,20.41,20.17,19.93,19.68,19.43,19.23,18.97,18.77,18.55,18.38,18.14,17.92,17.8,17.62,17.45,17.27,17.09,16.97,16.83,16.69,16.55,16.41,16.31,16.2,16.08,15.97,15.9,15.86,15.79,15.67,15.57,15.46,15.32,15.21,15.13,15.05,14.95,14.91,14.84,14.71,14.63,14.58,14.57,14.52,14.48,14.48,14.41,14.37,14.27,14.22,14.14,14.08,14.06,13.96,13.94,13.83,13.83,13.77,13.73,13.73,13.67,13.69,13.62,13.58,13.54,13.45,13.38,13.31,13.29,13.2,13.14,13.07,13.01,12.95,12.83,12.8,12.73,12.72,12.73,12.66,12.72,12.73,12.69,12.61,,,,,,,,,,,,,,,,,,,,,,,,,,,,,,,,,,,,,,,,,,,,,,,,,,,,,,,,,
69,5/8/21,3:22:37 PM,W-032_4,Normal,MA|30|150|5|0.075,9.96,0.17,4.47E-04,32,13.7,0.494,203854,0.73,0.1396228,SOS|-93.66|0.0,0.45,59,0.51,10.27,10.19,10.07,10.05,9.91,9.81,9.77,9.69,9.71,9.7,9.74,9.8,9.83,9.93,10,10.07,10.12,10.13,10.18,10.15,10.16,10.17,10.18,10.19,10.09,10.06,10.06,10.05,9.93,9.89,9.9,9.88,9.91,9.91,9.92,9.97,9.96,9.99,9.96,9.94,9.96,9.96,9.93,9.96,9.96,9.98,9.96,9.96,9.99,9.96,9.97,9.94,9.97,9.97,9.97,9.95,9.97,10,9.95,,,,,,,,,,,,,,,,,,,,,,,,,,,,,,,,,,,,,,,,,,,,,,,,,,,,,,,,,,,,,,,,,,,,,,,,,,,,,,,,,,,,,,,,,,,,,,,,,,,,,,,,,,,,,
70,5/8/21,3:23:18 PM,W-032_5,Normal,MA|30|150|5|0.075,8.16,0.77,1.26E-02,31.6,13.8,0.498,203854,0.73,0.1396228,SOS|-93.66|0.0,0.45,65,0.51,10.01,10.06,10.27,10.36,10.38,10.38,10.35,10.26,10.25,10.19,10.13,10.23,10.12,10.14,10.15,10.15,10.24,10.24,10.21,10.22,10.21,10.22,10.19,10.16,10.15,10.13,9.95,9.9,9.86,9.81,9.77,9.73,9.68,9.59,9.56,9.46,9.43,9.39,9.33,9.34,9.27,9.22,9.17,9.06,8.99,8.86,8.75,8.75,8.72,8.71,8.64,8.65,8.62,8.5,8.42,8.3,8.24,8.17,8.15,8.15,8.12,8.16,8.16,8.1,8.08,,,,,,,,,,,,,,,,,,,,,,,,,,,,,,,,,,,,,,,,,,,,,,,,,,,,,,,,,,,,,,,,,,,,,,,,,,,,,,,,,,,,,,,,,,,,,,,,,,,,,,,
71,5/8/21,3:25:45 PM,F-08A_1,Normal,MA|30|150|5|0.075,9.4,0.15,4.15E-05,31.5,13.8,0.503,203854,0.73,0.1396228,SOS|-93.66|0.0,0.45,59,0.51,0.33,0.35,0.38,0.38,0.6,0.75,0.99,1.22,1.54,1.94,2.38,2.87,3.41,4.01,4.59,5.17,5.69,6.17,6.59,6.94,7.26,7.56,7.74,7.99,8.21,8.38,8.53,8.6,8.79,8.84,8.88,8.97,8.99,9.1,9.1,9.16,9.26,9.27,9.37,9.38,9.44,9.48,9.43,9.48,9.45,9.45,9.4,9.39,9.42,9.4,9.4,9.4,9.43,9.41,9.41,9.4,9.38,9.38,9.4,,,,,,,,,,,,,,,,,,,,,,,,,,,,,,,,,,,,,,,,,,,,,,,,,,,,,,,,,,,,,,,,,,,,,,,,,,,,,,,,,,,,,,,,,,,,,,,,,,,,,,,,,,,,,
72,5/8/21,3:26:33 PM,F-08A_2,Normal,MA|30|150|5|0.075,9.64,0.65,1.60E-02,31.5,13.6,0.509,203854,0.73,0.1396228,SOS|-93.66|0.0,0.45,59,0.51,12.84,12.98,13.09,13.34,13.53,13.73,13.88,13.96,14.04,13.92,13.82,13.65,13.47,13.34,13.13,12.97,12.86,12.78,12.57,12.41,12.3,12.18,12.05,11.81,11.74,11.66,11.52,11.44,11.23,11.19,11.08,10.93,10.85,10.75,10.69,10.61,10.49,10.43,10.3,10.25,10.28,10.19,10.19,10.11,10.1,10.06,9.94,9.87,9.79,9.77,9.71,9.62,9.59,9.64,9.64,9.64,9.58,9.61,9.56,,,,,,,,,,,,,,,,,,,,,,,,,,,,,,,,,,,,,,,,,,,,,,,,,,,,,,,,,,,,,,,,,,,,,,,,,,,,,,,,,,,,,,,,,,,,,,,,,,,,,,,,,,,,,
73,5/8/21,3:27:18 PM,F-08A_3,Normal,MA|30|150|5|0.075,7.66,0.83,1.75E-02,30.9,13.9,0.513,203854,0.73,0.1396228,SOS|-93.66|0.0,0.45,72,0.51,9.81,10.05,10.37,10.58,10.72,10.7,10.7,10.74,10.78,10.82,10.87,10.92,10.96,11,10.94,10.94,10.88,10.91,10.82,10.82,10.72,10.64,10.53,10.43,10.35,10.21,10.11,10,9.94,9.81,9.71,9.6,9.48,9.39,9.33,9.25,9.22,9.16,9.07,8.97,8.84,8.79,8.7,8.67,8.66,8.69,8.63,8.59,8.51,8.45,8.4,8.34,8.28,8.23,8.17,8.12,8.05,7.99,7.99,7.96,7.93,7.85,7.8,7.73,7.68,7.62,7.61,7.63,7.63,7.63,7.62,7.62,,,,,,,,,,,,,,,,,,,,,,,,,,,,,,,,,,,,,,,,,,,,,,,,,,,,,,,,,,,,,,,,,,,,,,,,,,,,,,,,,,,,,,,,,,,,,,,,
74,5/8/21,3:28:14 PM,F-08A_4,Normal,MA|30|150|5|0.075,8.96,0.74,3.91E-02,31.3,15.2,0.52,203854,0.73,0.1396228,SOS|-93.66|0.0,0.45,95,0.51,7.97,8.35,8.82,9.4,10.23,11.09,12,12.88,13.78,14.61,15.31,15.78,16.16,16.46,16.6,16.72,16.68,16.69,16.59,16.45,16.32,16.16,15.97,15.77,15.53,15.28,15.03,14.81,14.57,14.34,14.16,13.94,13.74,13.53,13.38,13.2,13.01,12.89,12.74,12.53,12.35,12.17,11.99,11.8,11.66,11.56,11.43,11.3,11.17,11.1,10.99,10.88,10.83,10.75,10.72,10.61,10.49,10.43,10.35,10.27,10.24,10.24,10.21,10.14,10.09,10.09,10.01,9.9,9.82,9.79,9.74,9.63,9.6,9.61,9.62,9.57,9.54,9.56,9.46,9.35,9.33,9.32,9.25,9.2,9.15,9.1,9.04,8.98,8.98,8.89,8.94,8.98,8.91,8.94,8.89,,,,,,,,,,,,,,,,,,,,,,,,,,,,,,,,,,,,,,,,,,,,,,,,,,,,,,,,,,,,,,,,,,,,,,,,,
75,5/8/21,3:29:08 PM,F-08A_5,Normal,MA|30|150|5|0.075,9.98,0.7,1.72E-02,31.1,13.9,0.526,203854,0.73,0.1396228,SOS|-93.66|0.0,0.45,84,0.51,9.74,10.01,10.18,10.25,10.3,10.34,10.51,10.59,10.64,10.77,10.87,11.02,11.15,11.37,11.59,11.83,12.05,12.22,12.37,12.5,12.59,12.67,12.72,12.74,12.79,12.78,12.81,12.78,12.77,12.73,12.64,12.66,12.55,12.5,12.45,12.45,12.47,12.42,12.39,12.32,12.26,12.15,12.07,11.99,11.87,11.81,11.69,11.64,11.56,11.49,11.41,11.34,11.31,11.25,11.15,11.12,11.11,11.04,10.98,10.94,10.83,10.76,10.68,10.61,10.58,10.52,10.57,10.51,10.43,10.42,10.3,10.28,10.18,10.15,10.1,10.06,10.06,9.98,9.97,9.95,9.97,9.96,9.91,9.88,,,,,,,,,,,,,,,,,,,,,,,,,,,,,,,,,,,,,,,,,,,,,,,,,,,,,,,,,,,,,,,,,,,,,,,,,,,,,,,,,,,,
76,5/8/21,3:32:03 PM,W-034_1,Normal,MA|30|150|5|0.075,14.01,0.13,1.70E-04,31.1,14.1,0.532,203854,0.73,0.1396228,SOS|-93.66|0.0,0.45,59,0.51,0.06,0.11,0.46,0.8,1.2,1.68,2.1,2.56,3,3.48,3.99,4.62,5.38,6.08,6.85,7.58,8.36,9.07,9.65,10.27,10.8,11.34,11.75,12.08,12.4,12.66,12.88,13.04,13.21,13.35,13.41,13.48,13.57,13.65,13.7,13.72,13.83,13.84,13.89,13.93,13.93,14,14.04,14.08,14.08,14.06,14.1,14.07,14.06,14.01,13.99,14.01,14.01,14.01,14.01,14.01,14.03,14.01,13.96,,,,,,,,,,,,,,,,,,,,,,,,,,,,,,,,,,,,,,,,,,,,,,,,,,,,,,,,,,,,,,,,,,,,,,,,,,,,,,,,,,,,,,,,,,,,,,,,,,,,,,,,,,,,,
77,5/8/21,3:33:02 PM,W-034_2,Normal,MA|30|150|5|0.075,11.02,0.62,4.21E-02,31.2,14.5,0.541,203854,0.73,0.1396228,SOS|-93.66|0.0,0.45,97,0.51,14.7,15.28,15.93,16.5,16.99,17.31,17.51,17.71,17.93,18.08,18.17,18.27,18.23,18.19,18.03,17.91,17.75,17.53,17.36,17.18,17.01,16.78,16.59,16.44,16.27,16.1,15.92,15.8,15.64,15.49,15.34,15.19,15.04,14.9,14.79,14.67,14.59,14.39,14.3,14.2,14.07,14,13.84,13.81,13.69,13.59,13.54,13.41,13.32,13.27,13.19,13.06,12.96,12.86,12.8,12.73,12.7,12.64,12.59,12.59,12.51,12.41,12.34,12.27,12.19,12.17,12.17,12.15,12.12,12.1,12.07,11.95,11.88,11.81,11.73,11.71,11.66,11.65,11.62,11.64,11.59,11.56,11.53,11.42,11.39,11.29,11.27,11.16,11.03,11.08,11.01,11.01,10.98,11.01,11.05,10.98,10.9,,,,,,,,,,,,,,,,,,,,,,,,,,,,,,,,,,,,,,,,,,,,,,,,,,,,,,,,,,,,,,,,,,,,,,,
78,5/8/21,3:33:40 PM,W-034_3,Normal,MA|30|150|5|0.075,10.34,0.71,5.73E-03,31.4,13.7,0.546,203854,0.73,0.1396228,SOS|-93.66|0.0,0.45,60,0.51,10.36,10.39,10.43,10.4,10.4,10.44,10.47,10.52,10.65,10.82,10.98,11.13,11.32,11.44,11.59,11.68,11.72,11.79,11.76,11.78,11.75,11.69,11.67,11.6,11.55,11.51,11.52,11.49,11.45,11.42,11.4,11.32,11.27,11.17,11.16,11.06,10.99,10.96,10.92,10.92,10.89,10.92,10.97,10.89,10.87,10.8,10.75,10.7,10.6,10.58,10.48,10.46,10.35,10.28,10.3,10.28,10.29,10.29,10.34,10.31,,,,,,,,,,,,,,,,,,,,,,,,,,,,,,,,,,,,,,,,,,,,,,,,,,,,,,,,,,,,,,,,,,,,,,,,,,,,,,,,,,,,,,,,,,,,,,,,,,,,,,,,,,,,
79,5/8/21,3:34:22 PM,W-034_4,Normal,MA|30|150|5|0.075,10.3,0.73,1.50E-02,31.6,13.6,0.551,203854,0.73,0.1396228,SOS|-93.66|0.0,0.45,68,0.51,10.24,10.38,10.55,10.89,11.18,11.49,11.78,12.12,12.53,12.89,13.2,13.49,13.66,13.81,13.85,13.82,13.78,13.78,13.77,13.73,13.65,13.57,13.49,13.37,13.22,13.09,12.97,12.79,12.75,12.6,12.43,12.29,12.19,12.12,11.92,11.83,11.71,11.64,11.54,11.44,11.34,11.25,11.2,11.08,10.98,10.93,10.87,10.83,10.84,10.86,10.83,10.8,10.81,10.72,10.66,10.62,10.61,10.54,10.44,10.37,10.35,10.31,10.26,10.21,10.26,10.3,10.23,10.23,,,,,,,,,,,,,,,,,,,,,,,,,,,,,,,,,,,,,,,,,,,,,,,,,,,,,,,,,,,,,,,,,,,,,,,,,,,,,,,,,,,,,,,,,,,,,,,,,,,,
80,5/8/21,3:35:25 PM,W-034_5,Normal,MA|30|150|5|0.075,8.25,0.62,6.66E-02,31.1,13.8,0.559,203854,0.73,0.1396228,SOS|-93.66|0.0,0.45,111,0.51,10.41,10.79,11.33,12.16,13.1,14.15,15.17,16.13,17,17.72,18.3,18.77,19.11,19.37,19.49,19.49,19.47,19.37,19.2,18.95,18.74,18.5,18.28,18.02,17.76,17.54,17.25,17.03,16.74,16.47,16.22,16,15.76,15.47,15.24,15.05,14.83,14.57,14.38,14.21,13.97,13.75,13.58,13.44,13.22,13.03,12.89,12.72,12.56,12.39,12.28,12.19,12.06,11.9,11.79,11.67,11.55,11.43,11.31,11.24,11.1,11.03,10.93,10.83,10.74,10.64,10.54,10.46,10.4,10.33,10.25,10.22,10.12,10.05,9.98,9.8,9.74,9.6,9.58,9.51,9.39,9.44,9.37,9.31,9.26,9.22,9.17,9.06,8.99,8.98,8.92,8.87,8.87,8.86,8.83,8.81,8.74,8.69,8.59,8.52,8.45,8.33,8.28,8.21,8.23,8.16,8.21,8.26,8.28,8.3,8.28,,,,,,,,,,,,,,,,,,,,,,,,,,,,,,,,,,,,,,,,,,,,,,,,,,,,,,,,,
81,5/8/21,3:38:24 PM,W-017_1,Normal,MA|30|150|5|0.075,9.33,0.64,1.50E-03,31,13.9,0.565,203854,0.73,0.1396228,SOS|-93.66|0.0,0.45,59,0.51,0.49,0.49,0.56,0.63,0.73,0.9,1.12,1.33,1.57,1.89,2.3,2.83,3.31,3.86,4.42,5,5.55,6.06,6.54,6.95,7.36,7.75,8.06,8.33,8.58,8.82,9.03,9.12,9.29,9.4,9.51,9.63,9.7,9.79,9.89,9.93,9.96,9.91,9.91,9.95,9.88,9.82,9.76,9.82,9.68,9.58,9.55,9.55,9.48,9.42,9.43,9.35,9.34,9.28,9.32,9.33,9.27,9.29,9.25,,,,,,,,,,,,,,,,,,,,,,,,,,,,,,,,,,,,,,,,,,,,,,,,,,,,,,,,,,,,,,,,,,,,,,,,,,,,,,,,,,,,,,,,,,,,,,,,,,,,,,,,,,,,,
82,5/8/21,3:39:05 PM,W-017_2,Normal,MA|30|150|5|0.075,10.32,0.7,4.58E-05,30.7,14.3,0.569,203854,0.73,0.1396228,SOS|-93.66|0.0,0.45,62,0.51,8.54,8.46,8.39,8.32,8.29,8.25,8.15,8.13,8.12,8.2,8.26,8.35,8.51,8.63,8.8,8.89,9.06,9.21,9.35,9.49,9.64,9.78,9.88,9.95,10.05,10.09,10.11,10.11,10.12,10.1,10.09,10.09,10.09,10.08,10.06,10.1,10.08,10.09,10.09,10.09,10.09,10.09,10.09,10.07,10.07,10.09,10.09,10.09,10.09,10.11,10.14,10.12,10.14,10.3,10.3,10.36,10.35,10.37,10.35,10.35,10.39,10.3,,,,,,,,,,,,,,,,,,,,,,,,,,,,,,,,,,,,,,,,,,,,,,,,,,,,,,,,,,,,,,,,,,,,,,,,,,,,,,,,,,,,,,,,,,,,,,,,,,,,,,,,,,
83,5/8/21,3:40:24 PM,W-017_3,Normal,MA|30|150|5|0.075,7.08,0.84,0.1634386,31.1,14.2,0.582,203854,0.73,0.1396228,SOS|-93.66|0.0,0.45,137,0.51,15.64,18.02,20.66,23.37,25.84,27.85,29.63,31.31,32.67,33.8,34.54,35.02,35.02,34.88,34.62,34.16,33.6,32.99,32.33,31.61,30.91,30.13,29.42,28.65,27.96,27.24,26.42,25.75,25.08,24.43,23.81,23.21,22.68,22.16,21.65,21.11,20.64,20.18,19.8,19.31,18.86,18.46,18.03,17.64,17.23,16.93,16.62,16.33,16.07,15.83,15.51,15.27,15.01,14.75,14.53,14.24,14.08,13.8,13.62,13.39,13.12,12.97,12.68,12.54,12.34,12.16,12.07,11.89,11.82,11.65,11.45,11.33,11.18,11.03,10.88,10.75,10.65,10.58,10.43,10.31,10.19,10.07,10,9.91,9.81,9.72,9.62,9.52,9.42,9.28,9.16,9.04,8.97,8.93,8.86,8.83,8.78,8.73,8.64,8.57,8.45,8.35,8.3,8.28,8.27,8.19,8.19,8.11,8.06,7.96,7.89,7.87,7.77,7.75,7.7,7.7,7.67,7.65,7.63,7.6,7.58,7.51,7.45,7.4,7.36,7.31,7.26,7.21,7.16,7.06,7.08,7.06,7.03,7.05,7.05,7.05,7.05,,,,,,,,,,,,,,,,,,,,,,,,,,,,,,,
84,5/8/21,3:41:05 PM,W-017_4,Normal,MA|30|150|5|0.075,9.29,0.76,8.87E-03,30.7,14.4,0.586,203854,0.73,0.1396228,SOS|-93.66|0.0,0.45,65,0.51,8.21,8.8,9.45,10.17,10.72,11.12,11.4,11.63,11.84,11.95,11.99,11.93,11.85,11.73,11.57,11.39,11.25,11.15,10.98,10.89,10.77,10.66,10.58,10.54,10.51,10.41,10.33,10.31,10.26,10.16,10.07,10.01,9.94,9.9,9.86,9.86,9.8,9.83,9.88,9.86,9.86,9.91,9.93,9.88,9.87,9.85,9.83,9.79,9.58,9.55,9.51,9.51,9.48,9.5,9.45,9.43,9.41,9.29,9.26,9.21,9.25,9.25,9.24,9.29,9.26,,,,,,,,,,,,,,,,,,,,,,,,,,,,,,,,,,,,,,,,,,,,,,,,,,,,,,,,,,,,,,,,,,,,,,,,,,,,,,,,,,,,,,,,,,,,,,,,,,,,,,,
85,5/8/21,3:41:51 PM,W-017_5,Normal,MA|30|150|5|0.075,6.84,1.06,2.00E-02,30.5,14.6,0.59,203854,0.73,0.1396228,SOS|-93.66|0.0,0.45,76,0.51,9.57,9.67,9.81,9.88,9.93,10.05,10.05,10.14,10.16,10.21,10.31,10.33,10.33,10.31,10.32,10.26,10.18,10.09,10.02,9.95,9.88,9.85,9.8,9.75,9.74,9.67,9.57,9.45,9.35,9.26,9.1,8.98,8.86,8.78,8.69,8.63,8.61,8.57,8.57,8.44,8.37,8.25,8.15,8.11,8.03,8,7.95,7.94,7.88,7.82,7.78,7.73,7.63,7.56,7.54,7.49,7.43,7.38,7.42,7.36,7.29,7.24,7.15,7.13,7.03,7.02,6.96,6.91,6.9,6.87,6.85,6.82,6.78,6.77,6.79,6.74,,,,,,,,,,,,,,,,,,,,,,,,,,,,,,,,,,,,,,,,,,,,,,,,,,,,,,,,,,,,,,,,,,,,,,,,,,,,,,,,,,,,,,,,,,,,
86,5/8/21,3:44:46 PM,W-035_1,Normal,MA|30|150|5|0.075,12.46,0.58,4.16E-03,30.9,14.2,0.597,203854,0.73,0.1396228,SOS|-93.66|0.0,0.45,75,0.51,0.27,0.27,0.32,0.34,0.72,1.08,1.53,2.08,2.62,3.21,3.76,4.26,4.8,5.32,6,6.6,7.29,7.94,8.53,9.2,9.75,10.21,10.58,10.99,11.42,11.66,11.89,12.18,12.42,12.63,12.78,12.97,13.11,13.23,13.32,13.4,13.44,13.48,13.43,13.49,13.42,13.45,13.45,13.45,13.4,13.38,13.4,13.35,13.35,13.34,13.23,13.16,13.07,13.05,13,12.96,12.92,12.88,12.93,12.88,12.86,12.83,12.76,12.76,12.64,12.62,12.52,12.45,12.48,12.45,12.43,12.4,12.44,12.4,12.37,,,,,,,,,,,,,,,,,,,,,,,,,,,,,,,,,,,,,,,,,,,,,,,,,,,,,,,,,,,,,,,,,,,,,,,,,,,,,,,,,,,,,,,,,,,,,
87,5/8/21,3:46:25 PM,W-035_2,Normal,MA|30|150|5|0.075,10.52,0.57,0.0789099,30.5,15.1,0.612,203854,0.73,0.1396228,SOS|-93.66|0.0,0.45,151,0.51,11.34,10.79,10.31,10.05,9.83,9.71,9.69,9.67,9.79,9.91,10.12,10.45,10.93,11.53,12.15,12.84,13.61,14.34,15.06,15.68,16.21,16.8,17.32,17.72,18.15,18.5,18.86,19.1,19.3,19.53,19.57,19.72,19.81,19.84,19.81,19.78,19.78,19.64,19.52,19.41,19.32,19.19,19.02,18.91,18.8,18.64,18.49,18.25,18.06,17.88,17.73,17.57,17.4,17.33,17.21,17.14,16.95,16.8,16.66,16.52,16.42,16.3,16.18,16.11,16.01,15.87,15.75,15.58,15.54,15.39,15.23,15.18,15.04,14.96,14.82,14.65,14.61,14.51,14.42,14.32,14.18,14.15,14.03,13.94,13.9,13.83,13.86,13.8,13.71,13.64,13.51,13.42,13.32,13.23,13.23,13.13,13.07,13,12.93,12.87,12.75,12.71,12.68,12.63,12.55,12.47,12.4,12.33,12.26,12.19,12.17,12.17,12.15,12.12,12.05,11.96,11.89,11.78,11.72,11.61,11.61,11.61,11.59,11.56,11.5,11.46,11.37,11.25,11.16,11.11,11.09,11.1,11.06,11.09,11.04,11.02,10.95,10.89,10.86,10.75,10.69,10.63,10.61,10.56,10.47,10.51,10.53,10.48,10.45,10.48,10.48,,,,,,,,,,,,,,,,,
88,5/8/21,3:47:32 PM,W-035_3,Normal,MA|30|150|5|0.075,15.51,0.45,4.57E-02,31,14.8,0.624,203854,0.73,0.1396228,SOS|-93.66|0.0,0.45,115,0.51,10.25,10.42,10.59,10.79,10.86,10.94,11.1,11.21,11.44,11.79,12.3,12.92,13.63,14.52,15.41,16.33,17.2,18.07,18.83,19.51,20.15,20.66,21.06,21.42,21.71,21.94,22.07,22.25,22.34,22.36,22.43,22.45,22.42,22.36,22.3,22.25,22.11,21.96,21.85,21.74,21.62,21.51,21.4,21.28,21.16,20.99,20.85,20.7,20.57,20.43,20.33,20.22,20.1,19.99,19.86,19.74,19.59,19.5,19.33,19.24,19.13,19.01,18.9,18.68,18.52,18.31,18.17,18.05,17.91,17.87,17.82,17.7,17.61,17.52,17.43,17.29,17.17,17.16,17.03,16.94,16.89,16.83,16.75,16.69,16.66,16.62,16.52,16.49,16.46,16.41,16.28,16.19,16.16,16.08,16.06,16.01,16.07,16.03,16.01,15.94,15.9,15.86,15.75,15.73,15.69,15.64,15.55,15.53,15.54,15.52,15.5,15.49,15.51,15.42,15.38,,,,,,,,,,,,,,,,,,,,,,,,,,,,,,,,,,,,,,,,,,,,,,,,,,,,,
89,5/8/21,3:48:41 PM,W-035_4,Normal,MA|30|150|5|0.075,9.32,0.77,5.05E-02,30.8,13,0.634,203854,0.73,0.1396228,SOS|-93.66|0.0,0.45,118,0.51,15.02,15.03,15.03,14.99,14.96,14.85,14.73,14.59,14.42,14.28,14.2,14.13,14.09,14.12,14.2,14.32,14.39,14.47,14.55,14.53,14.56,14.54,14.5,14.51,14.51,14.56,14.46,14.46,14.49,14.47,14.43,14.29,14.27,14.18,14.11,13.99,13.96,13.88,13.77,13.66,13.58,13.53,13.46,13.38,13.37,13.34,13.23,13.12,13.02,12.98,12.85,12.81,12.74,12.67,12.55,12.46,12.42,12.35,12.28,12.25,12.26,12.19,12.1,12.03,11.97,11.85,11.81,11.73,11.7,11.66,11.62,11.57,11.43,11.44,11.34,11.28,11.25,11.25,11.22,11.1,11.08,11.04,10.99,10.9,10.83,10.81,10.77,10.62,10.53,10.47,10.41,10.34,10.23,10.18,10.12,9.99,9.94,9.82,9.82,9.83,9.81,9.8,9.77,9.75,9.68,9.58,9.51,9.48,9.43,9.43,9.37,9.32,9.32,9.3,9.28,9.21,9.27,9.27,,,,,,,,,,,,,,,,,,,,,,,,,,,,,,,,,,,,,,,,,,,,,,,,,,
90,5/8/21,3:49:18 PM,W-035_5,Normal,MA|30|150|5|0.075,12.42,0.42,1.78E-04,30.9,13.1,0.638,203854,0.73,0.1396228,SOS|-93.66|0.0,0.45,59,0.51,8.66,8.63,8.51,8.51,8.37,8.32,8.25,8.12,8.07,8.05,8.05,8.13,8.2,8.45,8.69,8.93,9.3,9.59,9.93,10.15,10.48,10.77,10.97,11.17,11.35,11.54,11.64,11.73,11.86,11.98,12.05,12.16,12.26,12.31,12.34,12.35,12.38,12.36,12.41,12.48,12.48,12.51,12.53,12.62,12.56,12.57,12.58,12.57,12.49,12.46,12.49,12.46,12.47,12.37,12.4,12.4,12.36,12.34,12.43,,,,,,,,,,,,,,,,,,,,,,,,,,,,,,,,,,,,,,,,,,,,,,,,,,,,,,,,,,,,,,,,,,,,,,,,,,,,,,,,,,,,,,,,,,,,,,,,,,,,,,,,,,,,,
91,5/8/21,3:52:36 PM,W-033_1,Normal,MA|30|150|5|0.075,10.45,0.58,1.54E-02,32.5,14.5,0.648,203854,0.73,0.1396228,SOS|-93.66|0.0,0.45,98,0.51,0.3,0.45,0.89,1.34,1.97,2.55,3.23,3.83,4.44,5.04,5.6,6.19,6.72,7.27,7.88,8.46,8.89,9.39,9.85,10.27,10.58,10.86,11.19,11.48,11.73,11.92,12.2,12.36,12.47,12.52,12.58,12.56,12.54,12.54,12.55,12.55,12.56,12.61,12.51,12.52,12.52,12.53,12.54,12.56,12.54,12.56,12.57,12.55,12.57,12.57,12.6,12.55,12.55,12.55,12.53,12.52,12.38,12.34,12.29,12.25,12.15,12.08,12.02,11.95,11.89,11.81,11.79,11.69,11.62,11.61,11.51,11.49,11.5,11.48,11.4,11.3,11.28,11.19,11.07,11.03,11.01,10.97,10.92,10.94,10.87,10.77,10.7,10.68,10.58,10.5,10.49,10.44,10.44,10.43,10.46,10.41,10.39,10.37,,,,,,,,,,,,,,,,,,,,,,,,,,,,,,,,,,,,,,,,,,,,,,,,,,,,,,,,,,,,,,,,,,,,,,
92,5/8/21,3:53:21 PM,W-033_2,Normal,MA|30|150|5|0.075,11.87,0.63,2.97E-03,32.5,14.1,0.653,203854,0.73,0.1396228,SOS|-93.66|0.0,0.45,67,0.51,9.85,9.87,9.89,9.92,9.99,9.98,9.97,9.95,9.95,9.98,9.96,10.11,10.13,10.27,10.4,10.56,10.75,10.9,11.12,11.25,11.4,11.56,11.72,11.82,11.91,12.01,12.12,12.17,12.21,12.27,12.32,12.38,12.45,12.44,12.53,12.53,12.56,12.5,12.42,12.44,12.3,12.42,12.32,12.34,12.35,12.35,12.44,12.41,12.38,12.41,12.38,12.37,12.33,12.3,12.15,12.1,12.07,11.97,11.96,11.92,11.92,11.85,11.84,11.87,11.82,11.8,11.74,,,,,,,,,,,,,,,,,,,,,,,,,,,,,,,,,,,,,,,,,,,,,,,,,,,,,,,,,,,,,,,,,,,,,,,,,,,,,,,,,,,,,,,,,,,,,,,,,,,,,
93,5/8/21,3:54:21 PM,W-033_3,Normal,MA|30|150|5|0.075,10.6,0.42,2.47E-02,32.7,13.8,0.661,203854,0.73,0.1396228,SOS|-93.66|0.0,0.45,81,0.51,12.94,13.02,13.09,13.23,13.44,13.6,13.7,13.77,13.77,13.82,13.82,13.85,13.88,13.95,14.05,14.13,14.21,14.34,14.39,14.47,14.55,14.56,14.62,14.57,14.58,14.53,14.5,14.44,14.42,14.27,14.17,14.05,13.95,13.91,13.77,13.66,13.52,13.39,13.21,13,12.93,12.86,12.75,12.65,12.54,12.49,12.36,12.26,12.22,12.14,12.08,11.96,11.83,11.76,11.67,11.59,11.54,11.53,11.59,11.5,11.34,11.31,11.24,11.16,11.09,11.07,11.08,11.05,10.98,10.89,10.82,10.7,10.65,10.59,10.58,10.58,10.57,10.6,10.61,10.61,10.55,,,,,,,,,,,,,,,,,,,,,,,,,,,,,,,,,,,,,,,,,,,,,,,,,,,,,,,,,,,,,,,,,,,,,,,,,,,,,,,,,,,,,,,
94,5/8/21,3:55:00 PM,W-033_4,Normal,MA|30|150|5|0.075,11.25,0.66,7.29E-03,32.5,13.2,0.666,203854,0.73,0.1396228,SOS|-93.66|0.0,0.45,60,0.51,10.2,10.26,10.4,10.54,10.59,10.72,10.83,10.99,11.18,11.4,11.68,11.98,12.29,12.63,12.89,13.12,13.34,13.47,13.57,13.6,13.63,13.59,13.5,13.45,13.35,13.27,13.15,13.05,12.99,12.82,12.7,12.58,12.45,12.38,12.24,12.17,12.06,11.9,11.9,11.83,11.76,11.73,11.69,11.7,11.63,11.57,11.57,11.55,11.48,11.43,11.39,11.35,11.3,11.19,11.23,11.2,11.17,11.2,11.22,11.24,,,,,,,,,,,,,,,,,,,,,,,,,,,,,,,,,,,,,,,,,,,,,,,,,,,,,,,,,,,,,,,,,,,,,,,,,,,,,,,,,,,,,,,,,,,,,,,,,,,,,,,,,,,,
95,5/8/21,3:55:59 PM,W-033_5,Normal,MA|30|150|5|0.075,8.09,0.71,4.57E-02,32.8,14.3,0.673,203854,0.73,0.1396228,SOS|-93.66|0.0,0.45,100,0.51,12.12,12.35,12.62,12.87,13.11,13.24,13.33,13.47,13.61,13.74,13.87,14.06,14.17,14.31,14.43,14.51,14.58,14.56,14.65,14.66,14.65,14.6,14.53,14.47,14.3,14.09,13.93,13.78,13.62,13.47,13.37,13.3,13.14,13.02,12.94,12.83,12.69,12.57,12.45,12.37,12.22,12.15,11.99,11.86,11.79,11.64,11.56,11.42,11.34,11.25,11.15,11.05,10.95,10.89,10.77,10.72,10.6,10.56,10.43,10.28,10.26,10.13,10.08,9.96,9.91,9.89,9.78,9.76,9.66,9.59,9.46,9.36,9.31,9.24,9.23,9.17,9.18,9.1,9,8.93,8.8,8.75,8.68,8.66,8.61,8.52,8.49,8.44,8.34,8.27,8.2,8.17,8.13,8.02,8.05,8.04,8.06,8.07,8.07,8.08,,,,,,,,,,,,,,,,,,,,,,,,,,,,,,,,,,,,,,,,,,,,,,,,,,,,,,,,,,,,,,,,,,,,
96,5/8/21,4:00:16 PM,W-036_1,Normal,MA|30|150|5|0.075,11.9,0.5,2.31E-02,32.4,14.5,0.686,203854,0.73,0.1468862,SOS|-93.66|0.0,0.45,115,0.52,0.16,0.43,0.8,1.34,1.97,2.76,3.36,3.99,4.56,5.16,5.65,6.14,6.65,7.23,7.88,8.48,9.13,9.71,10.31,10.85,11.38,11.87,12.28,12.69,13.07,13.42,13.69,13.92,14.09,14.3,14.42,14.53,14.67,14.75,14.91,14.89,15,14.97,15,14.98,14.98,15.03,15.02,15.08,15.05,15.01,14.99,15,15,14.98,14.95,14.95,14.94,14.8,14.7,14.6,14.57,14.53,14.47,14.36,14.39,14.43,14.38,14.35,14.26,14.21,14.1,14.02,13.94,13.86,13.83,13.77,13.72,13.67,13.61,13.56,13.45,13.41,13.31,13.23,13.14,13.12,13.12,13.03,13.03,12.95,12.96,12.82,12.7,12.66,12.58,12.56,12.5,12.45,12.5,12.49,12.44,12.41,12.33,12.34,12.27,12.22,12.22,12.14,12.08,12.03,11.97,11.92,11.87,11.87,11.9,11.84,11.87,11.86,11.87,,,,,,,,,,,,,,,,,,,,,,,,,,,,,,,,,,,,,,,,,,,,,,,,,,,,,
97,5/8/21,4:01:51 PM,W-036_2,Normal,MA|30|150|5|0.075,11.35,0.6,0.1820931,32.3,13.1,0.705,203854,0.73,0.1468862,SOS|-93.66|0.0,0.45,168,0.51,12.41,12.6,12.77,12.82,12.77,12.75,12.69,12.61,12.66,12.88,13.32,14.13,15.33,16.81,18.43,20.26,22.13,23.93,25.5,26.95,28.27,29.39,30.42,31.13,31.78,32.3,32.69,32.93,33.1,33.15,33.15,33.12,33.04,32.91,32.71,32.54,32.26,31.93,31.6,31.3,31.02,30.66,30.3,29.94,29.6,29.25,28.78,28.42,28.03,27.6,27.19,26.78,26.42,26.04,25.66,25.33,25.03,24.65,24.29,23.94,23.64,23.36,22.95,22.71,22.41,22.11,21.86,21.53,21.29,21.03,20.8,20.57,20.33,20.08,19.89,19.67,19.46,19.29,19.05,18.9,18.7,18.51,18.32,18.13,17.99,17.88,17.74,17.55,17.39,17.17,17.03,16.82,16.62,16.49,16.32,16.21,16.08,15.94,15.8,15.67,15.59,15.48,15.31,15.23,15.12,15.06,14.93,14.82,14.76,14.63,14.57,14.44,14.33,14.22,14.11,14.06,13.92,13.86,13.78,13.75,13.7,13.59,13.5,13.42,13.4,13.35,13.24,13.21,13.16,13.1,12.99,12.86,12.8,12.72,12.69,12.64,12.64,12.61,12.64,12.58,12.5,12.45,12.39,12.34,12.17,12.11,12.09,12.03,11.98,11.98,12.01,12.01,11.96,11.87,11.82,11.75,11.65,11.57,11.49,11.45,11.35,11.33,11.32,11.3,11.32,11.32,11.32,11.27
98,5/8/21,4:02:39 PM,W-036_3,Normal,MA|30|150|5|0.075,10.04,0.63,0.0124305,32.3,12.1,0.71,203854,0.73,0.1468862,SOS|-93.66|0.0,0.45,81,0.51,10.67,10.64,10.59,10.64,10.69,10.6,10.64,10.58,10.61,10.64,10.63,10.65,10.64,10.66,10.69,10.72,10.93,11.05,11.16,11.32,11.4,11.51,11.57,11.71,11.76,11.84,11.93,11.95,11.95,11.98,12.01,11.98,11.98,11.98,12.03,11.93,11.88,11.88,11.85,11.7,11.59,11.52,11.54,11.46,11.46,11.38,11.38,11.35,11.26,11.32,11.32,11.27,11.18,11.13,11.14,11.04,10.93,10.85,10.82,10.76,10.65,10.64,10.64,10.65,10.66,10.6,10.62,10.51,10.45,10.34,10.26,10.18,10.09,10.07,10.01,10.02,9.99,10.02,10.02,10.01,9.95,,,,,,,,,,,,,,,,,,,,,,,,,,,,,,,,,,,,,,,,,,,,,,,,,,,,,,,,,,,,,,,,,,,,,,,,,,,,,,,,,,,,,,,
99,5/8/21,4:03:19 PM,W-036_4,Normal,MA|30|150|5|0.075,9.14,0.48,6.68E-03,32,11.7,0.714,203854,0.73,0.1468862,SOS|-93.66|0.0,0.45,64,0.51,9.3,9.2,9.02,8.88,8.8,8.68,8.63,8.59,8.6,8.72,8.89,9,9.16,9.35,9.61,9.78,10.02,10.18,10.37,10.51,10.56,10.66,10.71,10.8,10.82,10.87,10.92,10.92,10.9,10.82,10.74,10.68,10.62,10.55,10.5,10.45,10.45,10.37,10.26,10.13,10.02,9.96,9.88,9.85,9.85,9.87,9.82,9.75,9.73,9.65,9.53,9.46,9.42,9.36,9.2,9.19,9.14,9.13,9.1,9.07,9.15,9.12,9.18,9.1,,,,,,,,,,,,,,,,,,,,,,,,,,,,,,,,,,,,,,,,,,,,,,,,,,,,,,,,,,,,,,,,,,,,,,,,,,,,,,,,,,,,,,,,,,,,,,,,,,,,,,,,
100,5/8/21,4:03:56 PM,W-036_5,Normal,MA|30|150|5|0.075,7.36,0.55,2.37E-03,32,11.5,0.718,203854,0.73,0.1468862,SOS|-93.66|0.0,0.45,59,0.51,8.72,8.57,8.46,8.39,8.27,8.15,8.03,7.93,7.87,7.74,7.62,7.56,7.54,7.49,7.42,7.42,7.45,7.45,7.43,7.43,7.44,7.45,7.47,7.47,7.47,7.46,7.44,7.46,7.44,7.43,7.43,7.4,7.42,7.43,7.42,7.41,7.41,7.44,7.41,7.41,7.41,7.41,7.4,7.4,7.4,7.4,7.39,7.36,7.39,7.38,7.38,7.38,7.38,7.41,7.37,7.37,7.34,7.33,7.27,,,,,,,,,,,,,,,,,,,,,,,,,,,,,,,,,,,,,,,,,,,,,,,,,,,,,,,,,,,,,,,,,,,,,,,,,,,,,,,,,,,,,,,,,,,,,,,,,,,,,,,,,,,,,
101,5/8/21,4:07:04 PM,W-025_1,Normal,MA|30|150|5|0.075,9.16,0.59,1.72E-03,31.9,11.9,0.722,203854,0.73,0.1574156,SOS|-93.66|0.0,0.45,65,0.51,1.01,1.69,2.55,3.47,4.39,5.2,5.61,6.04,6.29,6.58,6.77,6.98,7.21,7.44,7.67,7.9,8.18,8.33,8.49,8.67,8.85,8.98,9.02,9.18,9.25,9.35,9.39,9.43,9.47,9.47,9.48,9.5,9.53,9.54,9.57,9.59,9.62,9.49,9.5,9.51,9.48,9.51,9.49,9.51,9.51,9.49,9.54,9.51,9.54,9.51,9.48,9.53,9.48,9.47,9.45,9.27,9.21,9.11,9.13,9.11,9.14,9.13,9.19,9.19,9.12,,,,,,,,,,,,,,,,,,,,,,,,,,,,,,,,,,,,,,,,,,,,,,,,,,,,,,,,,,,,,,,,,,,,,,,,,,,,,,,,,,,,,,,,,,,,,,,,,,,,,,,
102,5/8/21,4:07:53 PM,W-025_2,Normal,MA|30|150|5|0.075,8.96,0.83,4.30E-03,31.5,11.9,0.727,203854,0.73,0.1574156,SOS|-93.66|0.0,0.45,63,0.51,7.04,6.88,6.72,6.67,6.55,6.44,6.44,6.43,6.45,6.49,6.57,6.77,6.94,7.2,7.51,7.82,8.15,8.5,8.79,9.04,9.27,9.52,9.68,9.83,9.94,10,10.09,10.09,10.12,10.07,10.08,10.12,10.09,10.08,10.07,10.04,10.02,10.01,10.01,9.98,9.8,9.74,9.68,9.68,9.6,9.58,9.55,9.46,9.45,9.37,9.31,9.25,9.14,9.11,9.06,9,9,8.91,8.91,8.92,8.92,8.91,8.9,,,,,,,,,,,,,,,,,,,,,,,,,,,,,,,,,,,,,,,,,,,,,,,,,,,,,,,,,,,,,,,,,,,,,,,,,,,,,,,,,,,,,,,,,,,,,,,,,,,,,,,,,
103,5/8/21,4:08:34 PM,W-025_3,Normal,MA|30|150|5|0.075,11.08,0.6,4.07E-03,31.2,11.9,0.732,203854,0.73,0.1574156,SOS|-93.66|0.0,0.45,62,0.51,9.22,9.44,9.61,9.72,9.77,9.71,9.72,9.74,9.8,9.8,9.85,9.88,9.97,10.08,10.17,10.37,10.57,10.8,11,11.16,11.39,11.54,11.67,11.82,11.91,11.99,12.09,12.2,12.25,12.28,12.29,12.31,12.17,12.11,12.06,11.96,11.92,11.83,11.8,11.75,11.7,11.69,11.62,11.67,11.66,11.66,11.61,11.53,11.53,11.46,11.35,11.28,11.19,11.17,11.12,11.07,11.07,11.03,11.06,11.05,11.04,10.97,,,,,,,,,,,,,,,,,,,,,,,,,,,,,,,,,,,,,,,,,,,,,,,,,,,,,,,,,,,,,,,,,,,,,,,,,,,,,,,,,,,,,,,,,,,,,,,,,,,,,,,,,,
104,5/8/21,4:09:18 PM,W-025_4,Normal,MA|30|150|5|0.075,7,0.74,7.65E-03,31.3,11.6,0.736,203854,0.73,0.1574156,SOS|-93.66|0.0,0.45,71,0.51,9.84,9.52,9.2,8.91,8.62,8.44,8.26,8.1,8.01,7.82,7.77,7.71,7.67,7.67,7.59,7.69,7.65,7.7,7.71,7.78,7.79,7.88,7.93,7.92,8,7.99,8.06,8.11,8.15,8.2,8.19,8.15,8.04,7.99,7.94,7.87,7.77,7.79,7.81,7.8,7.79,7.79,7.83,7.8,7.81,7.8,7.81,7.8,7.79,7.79,7.75,7.74,7.54,7.48,7.42,7.36,7.41,7.4,7.34,7.26,7.21,7.09,7.07,6.96,6.92,6.98,6.96,7.01,6.98,6.98,7.03,,,,,,,,,,,,,,,,,,,,,,,,,,,,,,,,,,,,,,,,,,,,,,,,,,,,,,,,,,,,,,,,,,,,,,,,,,,,,,,,,,,,,,,,,,,,,,,,,
105,5/8/21,4:10:11 PM,W-025_5,Normal,MA|30|150|5|0.075,7.14,0.87,2.72E-02,31.2,11.9,0.741,203854,0.73,0.1574156,SOS|-93.66|0.0,0.45,88,0.51,7.91,8.53,9.18,9.84,10.47,10.84,10.99,11.05,11.09,11.12,11.13,11.13,11.1,11.09,11.08,11.13,11.15,11.08,11.12,11.1,11.11,11.07,11.08,11.07,11.07,11.06,10.88,10.83,10.72,10.65,10.51,10.46,10.43,10.32,10.23,10.11,10.05,9.92,9.82,9.76,9.73,9.67,9.57,9.54,9.43,9.3,9.15,9.12,9.04,8.96,8.88,8.8,8.77,8.61,8.56,8.48,8.45,8.44,8.42,8.39,8.36,8.28,8.22,8.13,7.99,7.94,7.85,7.82,7.76,7.75,7.72,7.7,7.62,7.57,7.47,7.39,7.36,7.31,7.25,7.21,7.19,7.16,7.08,7.08,7.1,7.1,7.1,7.1,,,,,,,,,,,,,,,,,,,,,,,,,,,,,,,,,,,,,,,,,,,,,,,,,,,,,,,,,,,,,,,,,,,,,,,,,,,,,,,,
106,5/8/21,4:13:15 PM,W-016_1,Normal,MA|30|150|5|0.075,13.79,0.44,2.25E-02,31.5,15,0.75,203854,0.73,0.1574156,SOS|-93.66|0.0,0.45,84,0.51,5.84,6.3,6.65,6.91,7.08,7.21,7.24,7.36,7.49,7.65,7.94,8.26,8.78,9.46,10.2,11.03,11.87,12.84,13.77,14.58,15.33,16.05,16.71,17.27,17.72,18.06,18.39,18.64,18.8,18.91,18.97,19.04,19.04,18.98,18.94,18.81,18.74,18.61,18.42,18.27,18.17,18,17.81,17.63,17.51,17.35,17.12,17.01,16.85,16.71,16.57,16.43,16.33,16.15,16.01,15.85,15.7,15.55,15.39,15.25,15.15,15.08,14.98,14.87,14.78,14.68,14.59,14.49,14.39,14.35,14.27,14.2,14.08,13.98,13.93,13.86,13.78,13.76,13.76,13.73,13.76,13.76,13.75,13.79,,,,,,,,,,,,,,,,,,,,,,,,,,,,,,,,,,,,,,,,,,,,,,,,,,,,,,,,,,,,,,,,,,,,,,,,,,,,,,,,,,,,
107,5/8/21,4:14:26 PM,W-016_2,Normal,MA|30|150|5|0.075,10.9,0.56,0.0344043,31.6,12.9,0.76,203854,0.73,0.1574156,SOS|-93.66|0.0,0.45,106,0.51,11.09,11.04,10.92,10.78,10.6,10.5,10.43,10.48,10.55,10.66,10.94,11.3,11.72,12.16,12.6,13.07,13.51,13.86,14.25,14.54,14.88,15.13,15.32,15.53,15.7,15.84,15.98,16.07,16.14,16.13,16.18,16.18,16.1,16.03,15.98,15.93,15.83,15.71,15.61,15.61,15.52,15.5,15.35,15.3,15.23,15.07,14.95,14.82,14.76,14.62,14.55,14.44,14.35,14.2,14.13,13.97,13.9,13.8,13.7,13.66,13.48,13.42,13.31,13.21,13.17,13.04,12.99,12.92,12.81,12.75,12.68,12.61,12.58,12.54,12.49,12.38,12.26,12.2,12.13,12.1,12.06,12.02,12.01,11.95,11.9,11.86,11.75,11.68,11.56,11.56,11.46,11.34,11.29,11.22,11.24,11.07,11.02,10.99,10.94,10.89,10.84,10.84,10.87,10.87,10.87,10.92,,,,,,,,,,,,,,,,,,,,,,,,,,,,,,,,,,,,,,,,,,,,,,,,,,,,,,,,,,,,,,
108,5/8/21,4:15:18 PM,W-016_3,Normal,MA|30|150|5|0.075,12.13,0.57,5.18E-04,31.5,12.9,0.765,203854,0.73,0.1574156,SOS|-93.66|0.0,0.45,63,0.51,7.44,7.2,7.03,6.9,6.83,6.76,6.76,6.76,6.78,6.78,6.78,6.83,6.86,6.95,7.23,7.47,7.77,8.06,8.43,8.74,9,9.3,9.6,9.94,10.21,10.4,10.65,10.85,11.07,11.24,11.39,11.61,11.77,11.94,12.02,12.1,12.15,12.17,12.22,12.27,12.32,12.37,12.42,12.37,12.42,12.39,12.39,12.39,12.33,12.38,12.34,12.34,12.31,12.3,12.17,12.07,12.1,12.07,12.1,12.1,12.1,12.15,12.13,,,,,,,,,,,,,,,,,,,,,,,,,,,,,,,,,,,,,,,,,,,,,,,,,,,,,,,,,,,,,,,,,,,,,,,,,,,,,,,,,,,,,,,,,,,,,,,,,,,,,,,,,
109,5/8/21,4:15:57 PM,W-016_4,Normal,MA|30|150|5|0.075,11.17,0.64,1.18E-03,31.2,12.8,0.77,203854,0.73,0.1574156,SOS|-93.66|0.0,0.45,60,0.51,11.19,10.9,10.65,10.31,10.02,9.72,9.53,9.38,9.23,9.16,9.14,9.16,9.19,9.23,9.36,9.43,9.54,9.65,9.84,9.94,10.01,10.16,10.29,10.46,10.55,10.67,10.75,10.84,10.89,10.92,10.98,11.02,11.12,11.14,11.19,11.29,11.36,11.44,11.46,11.51,11.56,11.56,11.54,11.54,11.49,11.51,11.44,11.44,11.41,11.41,11.27,11.22,11.22,11.18,11.16,11.18,11.23,11.16,11.08,11.03,,,,,,,,,,,,,,,,,,,,,,,,,,,,,,,,,,,,,,,,,,,,,,,,,,,,,,,,,,,,,,,,,,,,,,,,,,,,,,,,,,,,,,,,,,,,,,,,,,,,,,,,,,,,
110,5/8/21,4:16:45 PM,W-016_5,Normal,MA|30|150|5|0.075,10.88,0.56,2.62E-02,31.3,13.8,0.777,203854,0.73,0.1574156,SOS|-93.66|0.0,0.45,82,0.51,11.59,12.05,12.51,13.12,13.74,14.3,14.71,15.16,15.57,15.82,16.06,16.16,16.21,16.23,16.16,16.1,16.03,15.88,15.79,15.64,15.52,15.36,15.16,15.08,14.85,14.68,14.5,14.37,14.23,14.03,13.92,13.82,13.7,13.57,13.44,13.31,13.24,13.09,12.98,12.86,12.79,12.69,12.6,12.54,12.46,12.38,12.27,12.22,12.14,12.08,12.06,12.01,12.01,11.95,11.88,11.79,11.76,11.72,11.62,11.59,11.55,11.54,11.41,11.38,11.39,11.25,11.23,11.18,11.18,11.11,11.06,11.07,10.99,10.94,10.9,10.91,10.84,10.83,10.87,10.82,10.84,10.8,,,,,,,,,,,,,,,,,,,,,,,,,,,,,,,,,,,,,,,,,,,,,,,,,,,,,,,,,,,,,,,,,,,,,,,,,,,,,,,,,,,,,,
111,5/8/21,4:20:50 PM,W-037_1,Normal,MA|30|150|5|0.075,19.75,0.26,5.32E-05,31.4,13.4,0.785,203854,0.73,0.1574156,SOS|-93.66|0.0,0.45,59,0.51,1.47,2.11,2.8,3.53,4.15,4.59,4.93,5.28,5.68,5.97,6.32,6.62,6.85,7.07,7.21,7.46,7.64,7.78,8.05,8.37,8.84,9.36,10.06,10.83,11.58,12.45,13.19,13.91,14.56,15.16,15.76,16.23,16.68,17.07,17.41,17.76,18.03,18.25,18.47,18.67,18.86,19,19.12,19.23,19.34,19.42,19.47,19.54,19.56,19.65,19.69,19.74,19.77,19.78,19.82,19.79,19.79,19.73,19.72,,,,,,,,,,,,,,,,,,,,,,,,,,,,,,,,,,,,,,,,,,,,,,,,,,,,,,,,,,,,,,,,,,,,,,,,,,,,,,,,,,,,,,,,,,,,,,,,,,,,,,,,,,,,,
112,5/8/21,4:21:53 PM,W-037_2,Normal,MA|30|150|5|0.075,17.11,0.34,3.95E-02,32,14.7,0.798,203854,0.73,0.1574156,SOS|-93.66|0.0,0.45,108,0.51,20.14,20.22,20.31,20.3,20.26,20.01,19.68,19.4,19.11,18.79,18.43,18.05,17.81,17.56,17.35,17.31,17.36,17.51,17.72,18.03,18.35,18.71,19.08,19.47,19.83,20.16,20.51,20.8,21.13,21.41,21.65,21.92,22.1,22.26,22.4,22.53,22.68,22.73,22.83,22.94,22.94,22.93,22.91,22.91,22.86,22.72,22.65,22.52,22.38,22.2,22.1,21.94,21.79,21.64,21.49,21.24,21,20.82,20.67,20.51,20.32,20.3,20.2,20.1,19.95,19.88,19.74,19.61,19.49,19.35,19.25,19.12,19.09,18.97,18.88,18.84,18.77,18.69,18.56,18.46,18.35,18.26,18.15,18.06,18.02,17.94,17.9,17.81,17.74,17.66,17.58,17.51,17.44,17.42,17.43,17.41,17.34,17.3,17.25,17.15,17.12,17.07,17.07,17.1,17.1,17.15,17.07,17.05,,,,,,,,,,,,,,,,,,,,,,,,,,,,,,,,,,,,,,,,,,,,,,,,,,,,,,,,,,,,
113,5/8/21,4:22:40 PM,W-037_3,Normal,MA|30|150|5|0.075,15.94,0.41,9.02E-03,31.6,12.9,0.806,203854,0.73,0.1574156,SOS|-93.66|0.0,0.45,77,0.51,16.34,16.17,15.86,15.61,15.31,15,14.79,14.5,14.37,14.23,14.2,14.3,14.45,14.77,15.07,15.41,15.76,16.08,16.36,16.6,16.83,17.02,17.2,17.35,17.47,17.57,17.64,17.64,17.68,17.69,17.71,17.69,17.69,17.74,17.72,17.64,17.65,17.66,17.63,17.61,17.6,17.44,17.38,17.25,17.2,17.16,17.12,17.12,17.09,17.07,17.04,16.98,16.92,16.83,16.75,16.68,16.59,16.57,16.52,16.52,16.46,16.45,16.44,16.36,16.31,16.21,16.18,16.08,16.01,15.98,15.94,15.93,15.91,15.93,15.93,15.88,15.86,,,,,,,,,,,,,,,,,,,,,,,,,,,,,,,,,,,,,,,,,,,,,,,,,,,,,,,,,,,,,,,,,,,,,,,,,,,,,,,,,,,,,,,,,,,
114,5/8/21,4:23:42 PM,W-037_4,Normal,MA|30|150|5|0.075,13.18,0.51,1.84E-02,31.1,12.8,0.816,203854,0.73,0.1574156,SOS|-93.66|0.0,0.45,109,0.51,15.05,14.8,14.53,14.24,13.86,13.5,13.21,12.93,12.6,12.37,12.1,11.97,11.91,11.9,12.01,12.13,12.35,12.59,12.84,13.05,13.33,13.58,13.82,14.07,14.27,14.51,14.68,14.82,15,15.07,15.2,15.26,15.37,15.42,15.5,15.62,15.67,15.74,15.77,15.88,15.84,15.82,15.77,15.75,15.73,15.64,15.71,15.7,15.6,15.56,15.48,15.44,15.39,15.29,15.32,15.29,15.32,15.27,15.19,15.19,15.12,15.02,14.89,14.84,14.82,14.77,14.66,14.69,14.67,14.69,14.64,14.57,14.58,14.5,14.45,14.34,14.27,14.24,14.14,14.12,14.07,14.08,14.05,14.02,14.05,14,13.96,13.83,13.85,13.78,13.72,13.67,13.62,13.62,13.55,13.5,13.44,13.4,13.35,13.3,13.25,13.25,13.18,13.13,13.13,13.1,13.13,13.13,13.18,,,,,,,,,,,,,,,,,,,,,,,,,,,,,,,,,,,,,,,,,,,,,,,,,,,,,,,,,,,
115,5/8/21,4:24:30 PM,W-037_5,Normal,MA|30|150|5|0.075,7.48,1,1.94E-02,31.1,12.8,0.821,203854,0.73,0.1574156,SOS|-93.66|0.0,0.45,76,0.51,11.89,11.69,11.47,11.25,11.16,11.16,11.08,11,10.96,10.91,10.87,10.77,10.74,10.7,10.61,10.58,10.53,10.53,10.45,10.4,10.4,10.32,10.22,10.14,10.06,9.98,9.9,9.83,9.81,9.71,9.68,9.58,9.45,9.4,9.28,9.28,9.18,9.11,9.09,8.99,8.95,8.81,8.75,8.72,8.67,8.62,8.57,8.56,8.49,8.44,8.4,8.31,8.22,8.09,8.09,8.04,7.99,7.98,7.96,8,7.84,7.81,7.76,7.76,7.69,7.64,7.64,7.56,7.51,7.47,7.47,7.43,7.4,7.43,7.43,7.42,,,,,,,,,,,,,,,,,,,,,,,,,,,,,,,,,,,,,,,,,,,,,,,,,,,,,,,,,,,,,,,,,,,,,,,,,,,,,,,,,,,,,,,,,,,,
116,5/8/21,4:28:29 PM,W-038_1,Normal,MA|30|150|5|0.075,12.58,0.33,0,31.2,13.3,0.827,203854,0.73,0.1574156,SOS|-93.66|0.0,0.45,59,0.51,0.5,0.9,1.27,1.7,2.32,2.85,3.26,3.63,3.95,4.32,4.58,4.95,5.25,5.61,6.09,6.5,6.97,7.41,7.9,8.37,8.77,9.18,9.49,9.81,10.14,10.38,10.59,10.78,11.05,11.29,11.44,11.64,11.77,11.95,12.01,12.09,12.13,12.2,12.28,12.34,12.42,12.44,12.54,12.56,12.55,12.58,12.6,12.62,12.6,12.59,12.64,12.52,12.55,12.56,12.56,12.57,12.56,12.63,12.64,,,,,,,,,,,,,,,,,,,,,,,,,,,,,,,,,,,,,,,,,,,,,,,,,,,,,,,,,,,,,,,,,,,,,,,,,,,,,,,,,,,,,,,,,,,,,,,,,,,,,,,,,,,,,
117,5/8/21,4:29:14 PM,W-038_2,Normal,MA|30|150|5|0.075,11.72,0.55,5.80E-03,31.2,13.3,0.833,203854,0.73,0.1574156,SOS|-93.66|0.0,0.45,72,0.51,12.47,12.19,11.85,11.4,11.13,10.86,10.66,10.47,10.34,10.27,10.19,10.24,10.31,10.42,10.54,10.73,10.92,11.19,11.41,11.63,11.8,12,12.2,12.25,12.37,12.43,12.58,12.64,12.69,12.8,12.84,12.97,13.02,13.04,13.09,13.1,13.12,13.05,12.98,12.92,12.82,12.79,12.68,12.65,12.65,12.58,12.53,12.48,12.43,12.38,12.37,12.39,12.39,12.33,12.3,12.28,12.21,12.16,12.11,12.02,11.99,11.94,11.85,11.76,11.73,11.73,11.75,11.69,11.71,11.67,11.65,11.62,,,,,,,,,,,,,,,,,,,,,,,,,,,,,,,,,,,,,,,,,,,,,,,,,,,,,,,,,,,,,,,,,,,,,,,,,,,,,,,,,,,,,,,,,,,,,,,,
118,5/8/21,4:30:01 PM,W-038_3,Normal,MA|30|150|5|0.075,9.9,0.63,1.46E-02,30.9,13.5,0.839,203854,0.73,0.1574156,SOS|-93.66|0.0,0.45,79,0.51,11.17,11.23,11.27,11.29,11.36,11.45,11.42,11.44,11.47,11.54,11.54,11.61,11.71,11.73,11.83,11.89,12.01,12.05,12.17,12.27,12.31,12.29,12.28,12.26,12.22,12.24,12.19,12.22,12.19,12.19,12.18,11.98,11.95,11.85,11.82,11.72,11.6,11.55,11.48,11.45,11.34,11.37,11.34,11.26,11.21,11.17,11.07,10.95,10.9,10.88,10.78,10.69,10.67,10.56,10.54,10.48,10.48,10.46,10.48,10.48,10.43,10.36,10.31,10.26,10.21,10.2,10.18,10.15,10.12,10.04,9.95,9.93,9.87,9.87,9.85,9.87,9.91,9.83,9.85,,,,,,,,,,,,,,,,,,,,,,,,,,,,,,,,,,,,,,,,,,,,,,,,,,,,,,,,,,,,,,,,,,,,,,,,,,,,,,,,,,,,,,,,,
119,5/8/21,4:30:42 PM,W-038_4,Normal,MA|30|150|5|0.075,7.39,0.83,6.55E-03,30.9,13.6,0.842,203854,0.73,0.1574156,SOS|-93.66|0.0,0.45,66,0.51,9.43,9.38,9.3,9.22,9.15,9.12,9.07,9.02,8.92,8.85,8.77,8.7,8.67,8.63,8.63,8.6,8.58,8.5,8.46,8.4,8.36,8.31,8.26,8.25,8.18,8.1,8.06,8.05,8.03,8.01,8.03,8.07,8.05,8.05,8.08,8.07,8.07,8.04,8.06,8.02,8.02,7.97,7.8,7.75,7.64,7.66,7.59,7.59,7.56,7.63,7.66,7.62,7.62,7.62,7.61,7.57,7.54,7.37,7.37,7.33,7.36,7.36,7.36,7.35,7.41,7.43,,,,,,,,,,,,,,,,,,,,,,,,,,,,,,,,,,,,,,,,,,,,,,,,,,,,,,,,,,,,,,,,,,,,,,,,,,,,,,,,,,,,,,,,,,,,,,,,,,,,,,
120,5/8/21,4:32:18 PM,W-038_5,Normal,MA|30|150|5|0.075,8.91,0.69,1.26E-02,30.7,14,0.852,203854,0.73,0.1574156,SOS|-93.66|0.0,0.45,65,0.51,12.86,12.75,12.62,12.42,12.2,12.03,11.97,11.84,11.67,11.53,11.39,11.29,11.16,11.05,10.97,10.88,10.83,10.71,10.72,10.72,10.69,10.72,10.71,10.7,10.65,10.57,10.52,10.47,10.42,10.37,10.28,10.25,10.16,10.03,9.93,9.89,9.85,9.81,9.75,9.71,9.66,9.62,9.57,9.51,9.52,9.54,9.49,9.47,9.44,9.36,9.31,9.26,9.21,9.16,9.06,9.04,8.99,8.93,8.89,8.88,8.86,8.89,8.84,8.87,8.91,,,,,,,,,,,,,,,,,,,,,,,,,,,,,,,,,,,,,,,,,,,,,,,,,,,,,,,,,,,,,,,,,,,,,,,,,,,,,,,,,,,,,,,,,,,,,,,,,,,,,,,