SeqNo,Date,Time,Comments,Status,Termination,TEWL [g/(m2h)],CV [%],SSWL [g/(m2)],AmbT [C],AmbRH [%],Ice [mg],ProbeSer,FluxCal,BaseCal,Sensor,CapFactor,NPts,Sec/pt,Flux [g/(m2h)]...,,,,,,,,,,,,,,,,,,,,,,,,,,,,,,,,,,,,,,,,,,,,,,,,,,,,,,,,,,,,,,,,,,,,,,,,,,,,,,,,,,,,,,,,,,,,,,,,,,,,,,,,,,,,,,,,,,,,,,,,,,,,,,,,,,,,,,,,,,,,,,,,,,,,,,,,,,,,,,,,,,,,,,,,,,,,,,,,,,,,,,,,,,,,,,,,,,,,,,,,,,,,,,,,,,,,,,,,,,,,,,,,,,,,,,,,,,,
1,7/14/21,12:34:48 PM,F-10-1,Normal,MA|30|150|5|0.075,12.37,0.46,6.05E-02,28,36,0.012,203854,0.73,-0.2202622,SOS|-93.66|0.0,0.45,137,0.51,0.69,1.19,1.87,2.68,3.68,4.84,5.91,6.9,7.89,8.96,10.05,11.08,12.07,13.12,14.17,15.15,16.02,16.86,17.62,18.3,18.82,19.32,19.69,20.06,20.31,20.52,20.7,20.82,20.92,20.9,20.93,20.93,20.92,20.8,20.72,20.64,20.54,20.42,20.28,20.13,19.98,19.85,19.7,19.52,19.32,19.2,19.01,18.84,18.63,18.5,18.34,18.14,17.99,17.79,17.65,17.43,17.28,17.13,16.97,16.81,16.63,16.51,16.33,16.19,16.02,15.89,15.77,15.62,15.51,15.38,15.32,15.24,15.12,15.03,14.96,14.91,14.8,14.72,14.67,14.57,14.51,14.45,14.39,14.31,14.31,14.27,14.25,14.2,14.12,14.1,14,13.95,13.91,13.84,13.84,13.77,13.76,13.76,13.68,13.67,13.6,13.56,13.52,13.41,13.35,13.32,13.27,13.25,13.18,13.17,13.13,13.01,12.99,12.93,12.92,12.86,12.86,12.83,12.81,12.79,12.74,12.74,12.69,12.7,12.64,12.6,12.53,12.5,12.44,12.39,12.35,12.34,12.32,12.32,12.36,12.34,12.36,,,,,,,,,,,,,,,,,,,,,,,,,,,,,,,,,,,,,,,,,,,,,,,,,,,,,,,,,,,,,,,,,,,,,,,,,,,,,,,,,,,,,,,,,,,,,,,,,,,
2,7/14/21,12:35:28 PM,F-10-2,Normal,MA|30|150|5|0.075,16.54,0.44,1.74E-02,28.2,35.7,0.019,203854,0.73,-0.2202622,SOS|-93.66|0.0,0.45,63,0.51,13.49,13.97,14.44,14.96,15.36,15.79,16.1,16.59,17.11,17.66,18.19,18.69,19.29,19.74,20.14,20.43,20.74,21.03,21.17,21.35,21.45,21.53,21.49,21.45,21.34,21.2,21.08,20.9,20.79,20.58,20.46,20.22,20.01,19.79,19.57,19.42,19.15,18.98,18.76,18.62,18.47,18.24,18.13,17.99,17.9,17.73,17.53,17.42,17.27,17.11,16.95,16.8,16.72,16.65,16.59,16.52,16.46,16.5,16.49,16.46,16.5,16.6,16.64,,,,,,,,,,,,,,,,,,,,,,,,,,,,,,,,,,,,,,,,,,,,,,,,,,,,,,,,,,,,,,,,,,,,,,,,,,,,,,,,,,,,,,,,,,,,,,,,,,,,,,,,,,,,,,,,,,,,,,,,,,,,,,,,,,,,,,,,,,,,,,,,,,,,,,,,,,,,,,,,,,,,,,,,,,,,,
3,7/14/21,12:36:11 PM,F-10-3,Normal,MA|30|150|5|0.075,15.58,0.44,3.53E-02,28.3,35.2,0.028,203854,0.73,-0.2202622,SOS|-93.66|0.0,0.45,71,0.51,18.22,18.54,18.85,19.16,19.44,19.65,19.8,20.09,20.33,20.6,20.87,21.17,21.44,21.73,21.96,22.16,22.35,22.54,22.72,22.74,22.78,22.78,22.73,22.61,22.44,22.33,22.16,22,21.74,21.54,21.34,21.04,20.82,20.53,20.33,20.04,19.79,19.59,19.35,19.15,18.92,18.71,18.48,18.22,18.02,17.79,17.62,17.42,17.27,17.11,16.95,16.79,16.62,16.45,16.3,16.17,16.07,15.99,15.88,15.86,15.78,15.74,15.62,15.6,15.55,15.5,15.53,15.52,15.56,15.57,15.59,,,,,,,,,,,,,,,,,,,,,,,,,,,,,,,,,,,,,,,,,,,,,,,,,,,,,,,,,,,,,,,,,,,,,,,,,,,,,,,,,,,,,,,,,,,,,,,,,,,,,,,,,,,,,,,,,,,,,,,,,,,,,,,,,,,,,,,,,,,,,,,,,,,,,,,,,,,,,,,,,,,,,
4,7/14/21,12:37:21 PM,F-10-4,Normal,MA|30|150|5|0.075,10.53,0.62,0.0772061,28.5,35.3,0.039,203854,0.73,-0.2202622,SOS|-93.66|0.0,0.45,123,0.51,15.94,16.05,16.32,16.58,16.92,17.21,17.53,17.9,18.33,18.79,19.19,19.62,20.05,20.47,20.76,21.02,21.25,21.38,21.52,21.52,21.55,21.51,21.49,21.41,21.23,21.14,20.98,20.78,20.54,20.38,20.15,19.92,19.62,19.4,19.11,18.84,18.63,18.34,18.13,17.85,17.67,17.4,17.17,16.93,16.68,16.52,16.28,16.06,15.87,15.7,15.56,15.35,15.17,15.03,14.87,14.72,14.55,14.38,14.25,14.11,13.97,13.85,13.74,13.62,13.49,13.36,13.22,13.11,12.97,12.88,12.81,12.73,12.63,12.53,12.43,12.34,12.25,12.2,12.16,12.08,12.02,11.95,11.89,11.77,11.72,11.69,11.6,11.6,11.53,11.53,11.45,11.42,11.41,11.3,11.28,11.19,11.2,11.14,11.1,11.09,11.06,11.08,10.98,10.96,10.93,10.86,10.86,10.78,10.82,10.76,10.78,10.77,10.71,10.68,10.6,10.57,10.52,10.52,10.49,10.5,10.5,10.49,10.47,,,,,,,,,,,,,,,,,,,,,,,,,,,,,,,,,,,,,,,,,,,,,,,,,,,,,,,,,,,,,,,,,,,,,,,,,,,,,,,,,,,,,,,,,,,,,,,,,,,,,,,,,,,,,,,,,
5,7/14/21,12:38:42 PM,F-10-5,Normal,MA|30|150|5|0.075,11.37,0.51,9.96E-02,28.5,34.6,0.053,203854,0.73,-0.2202622,SOS|-93.66|0.0,0.45,141,0.51,12.59,13.35,14.31,15.05,15.71,16.2,16.63,17.21,17.71,18.27,18.87,19.67,20.46,21.22,21.97,22.71,23.37,23.85,24.23,24.59,24.86,25.02,25.12,25.12,25.09,25.01,24.83,24.67,24.47,24.27,24.01,23.69,23.47,23.15,22.81,22.51,22.21,21.95,21.61,21.3,21,20.64,20.36,20.04,19.79,19.52,19.25,18.99,18.76,18.52,18.27,18.05,17.85,17.69,17.47,17.27,17.09,16.87,16.68,16.49,16.31,16.14,15.94,15.84,15.69,15.55,15.43,15.32,15.23,15.11,14.99,14.88,14.73,14.6,14.5,14.39,14.31,14.18,14.16,14.1,13.99,13.94,13.85,13.84,13.78,13.72,13.67,13.63,13.61,13.56,13.48,13.45,13.41,13.36,13.3,13.24,13.19,13.11,13.05,12.97,12.91,12.87,12.82,12.75,12.72,12.7,12.67,12.6,12.59,12.58,12.54,12.49,12.39,12.39,12.33,12.27,12.19,12.15,12.11,11.99,11.94,11.91,11.9,11.84,11.79,11.81,11.76,11.72,11.65,11.58,11.56,11.49,11.44,11.38,11.33,11.34,11.36,11.35,11.34,11.3,11.31,,,,,,,,,,,,,,,,,,,,,,,,,,,,,,,,,,,,,,,,,,,,,,,,,,,,,,,,,,,,,,,,,,,,,,,,,,,,,,,,,,,,,,,,,,,,,,,
6,7/14/21,12:42:31 PM,M-14-1,Normal,MA|30|150|5|0.075,12.53,0.56,0.1116145,28.9,35,0.076,203854,0.73,-0.2202622,SOS|-93.66|0.0,0.45,166,0.51,1.13,1.14,1.24,1.48,1.81,2.39,3.15,4.12,5.11,6.32,7.57,8.75,9.98,11.13,12.47,13.55,14.61,15.68,16.59,17.57,18.39,19.17,19.88,20.5,21.11,21.59,21.99,22.34,22.72,23,23.26,23.44,23.63,23.73,23.75,23.83,23.83,23.89,23.85,23.9,23.89,23.85,23.8,23.75,23.74,23.56,23.5,23.42,23.3,23.16,23.06,22.95,22.83,22.65,22.56,22.38,22.24,22.13,21.97,21.83,21.69,21.55,21.4,21.22,21.11,20.97,20.78,20.67,20.53,20.35,20.17,19.97,19.82,19.71,19.57,19.45,19.3,19.19,19.06,18.91,18.73,18.61,18.52,18.37,18.24,18.08,17.94,17.76,17.59,17.47,17.32,17.23,17.15,17.04,16.95,16.85,16.75,16.65,16.55,16.42,16.3,16.2,16.09,15.93,15.84,15.81,15.73,15.69,15.58,15.58,15.5,15.38,15.3,15.17,15.11,14.94,14.85,14.76,14.67,14.59,14.51,14.47,14.36,14.27,14.22,14.16,14.07,13.99,13.9,13.87,13.79,13.7,13.67,13.61,13.52,13.45,13.41,13.35,13.34,13.27,13.29,13.24,13.16,13.1,13,12.97,12.91,12.88,12.9,12.86,12.87,12.79,12.76,12.74,12.66,12.67,12.62,12.63,12.6,12.55,12.55,12.5,12.49,12.44,12.46,12.46,,,,,,,,,,,,,,,,,,,,,,,,,,,,,,,,,,,,,,,,,,,,,,,,,,,,,,,,,,,,,,,,,,,,,,
7,7/14/21,12:43:27 PM,M-14-2,Normal,MA|30|150|5|0.075,11.84,0.57,4.97E-02,29,34.9,0.085,203854,0.73,-0.2202622,SOS|-93.66|0.0,0.45,93,0.51,13.66,14.23,14.79,15.3,15.74,16.12,16.38,16.8,17.22,17.68,18.19,18.71,19.24,19.67,20.04,20.31,20.53,20.65,20.72,20.68,20.65,20.57,20.41,20.27,20.07,19.9,19.66,19.41,19.19,18.88,18.65,18.36,18.13,17.84,17.62,17.41,17.19,16.96,16.72,16.59,16.39,16.2,16.02,15.83,15.69,15.54,15.37,15.2,15,14.86,14.69,14.53,14.37,14.25,14.13,14,13.89,13.8,13.67,13.56,13.49,13.39,13.27,13.18,13.11,13.02,12.93,12.85,12.79,12.66,12.56,12.5,12.44,12.39,12.34,12.32,12.29,12.29,12.22,12.19,12.15,12.1,12.07,11.95,11.91,11.87,11.86,11.83,11.83,11.82,11.8,11.77,11.71,,,,,,,,,,,,,,,,,,,,,,,,,,,,,,,,,,,,,,,,,,,,,,,,,,,,,,,,,,,,,,,,,,,,,,,,,,,,,,,,,,,,,,,,,,,,,,,,,,,,,,,,,,,,,,,,,,,,,,,,,,,,,,,,,,,,,,,,,,,,,,,
8,7/14/21,12:44:19 PM,M-14-3,Normal,MA|30|150|5|0.075,13.48,0.42,0.0405827,29,34.3,0.094,203854,0.73,-0.2202622,SOS|-93.66|0.0,0.45,85,0.51,13.13,13.88,14.58,15.25,15.79,16.27,16.69,17.08,17.63,18.15,18.64,19.18,19.69,20.32,20.74,21.12,21.42,21.71,21.87,21.88,21.94,21.85,21.76,21.59,21.41,21.22,20.97,20.76,20.52,20.22,19.94,19.66,19.35,19.1,18.78,18.53,18.3,18.05,17.84,17.57,17.38,17.23,17,16.84,16.66,16.48,16.31,16.1,15.96,15.8,15.65,15.51,15.37,15.23,15.07,14.92,14.82,14.74,14.64,14.58,14.5,14.42,14.3,14.23,14.19,14.09,14.01,13.99,13.92,13.88,13.83,13.76,13.76,13.7,13.68,13.6,13.54,13.51,13.47,13.43,13.42,13.45,13.45,13.46,13.45,,,,,,,,,,,,,,,,,,,,,,,,,,,,,,,,,,,,,,,,,,,,,,,,,,,,,,,,,,,,,,,,,,,,,,,,,,,,,,,,,,,,,,,,,,,,,,,,,,,,,,,,,,,,,,,,,,,,,,,,,,,,,,,,,,,,,,,,,,,,,,,,,,,,,,,
9,7/14/21,12:45:28 PM,M-14-4,Normal,MA|30|150|5|0.075,13.42,0.46,5.89E-02,29,34.2,0.106,203854,0.73,-0.2202622,SOS|-93.66|0.0,0.45,118,0.51,14.41,14.96,15.55,16.2,16.7,17.22,17.47,17.91,18.38,18.81,19.34,19.82,20.41,20.88,21.34,21.74,22.05,22.28,22.36,22.43,22.43,22.42,22.41,22.29,22.23,22.13,22.02,21.81,21.59,21.44,21.23,21.05,20.81,20.61,20.38,20.18,19.97,19.76,19.53,19.39,19.21,19.01,18.88,18.65,18.51,18.3,18.15,17.94,17.73,17.64,17.45,17.31,17.19,17.08,16.97,16.79,16.71,16.59,16.49,16.35,16.23,16.15,16.04,15.93,15.8,15.72,15.61,15.47,15.39,15.34,15.25,15.16,15.12,15.11,15.03,14.92,14.88,14.84,14.73,14.64,14.59,14.57,14.48,14.48,14.49,14.43,14.4,14.33,14.32,14.31,14.26,14.23,14.2,14.2,14.14,14.06,14.02,14,13.96,13.88,13.9,13.89,13.82,13.77,13.73,13.73,13.63,13.58,13.56,13.48,13.42,13.38,13.36,13.36,13.39,13.44,13.42,13.42,,,,,,,,,,,,,,,,,,,,,,,,,,,,,,,,,,,,,,,,,,,,,,,,,,,,,,,,,,,,,,,,,,,,,,,,,,,,,,,,,,,,,,,,,,,,,,,,,,,,,,,,,,,,,,,,,,,,,,
10,7/14/21,12:46:25 PM,M-14-5,Normal,MA|30|150|5|0.075,12.02,0.54,5.75E-02,29.2,35.1,0.116,203854,0.73,-0.2202622,SOS|-93.66|0.0,0.45,96,0.51,14.62,15.21,15.87,16.42,16.94,17.46,17.81,18.26,18.74,19.15,19.6,20.06,20.48,20.93,21.33,21.66,21.92,22.1,22.23,22.23,22.15,22.09,21.94,21.76,21.5,21.27,21,20.72,20.43,20.15,19.87,19.6,19.36,19.06,18.78,18.52,18.32,18.08,17.86,17.61,17.38,17.13,16.91,16.68,16.43,16.3,16.09,15.94,15.73,15.63,15.44,15.27,15.16,15.01,14.92,14.75,14.61,14.49,14.35,14.24,14.06,13.96,13.88,13.73,13.6,13.43,13.37,13.23,13.13,13.04,12.99,12.95,12.89,12.82,12.71,12.63,12.54,12.5,12.43,12.39,12.38,12.34,12.3,12.26,12.18,12.16,12.11,12.14,12.07,12.03,11.99,11.99,11.98,11.95,11.97,11.97,,,,,,,,,,,,,,,,,,,,,,,,,,,,,,,,,,,,,,,,,,,,,,,,,,,,,,,,,,,,,,,,,,,,,,,,,,,,,,,,,,,,,,,,,,,,,,,,,,,,,,,,,,,,,,,,,,,,,,,,,,,,,,,,,,,,,,,,,,,,
11,7/14/21,12:49:52 PM,M-06-1,Normal,MA|30|150|5|0.075,13.84,0.4,2.22E-02,28.2,36.4,0.135,203854,0.73,-0.2202622,SOS|-93.66|0.0,0.45,102,0.51,2.44,2.43,2.47,2.54,2.8,3.23,3.89,4.68,5.53,6.49,7.51,8.58,9.59,10.59,11.6,12.5,13.33,14.01,14.67,15.21,15.65,16.02,16.3,16.57,16.74,16.9,17.09,17.19,17.35,17.4,17.52,17.59,17.57,17.61,17.59,17.57,17.5,17.48,17.44,17.37,17.28,17.25,17.15,17.02,16.93,16.84,16.79,16.67,16.63,16.57,16.44,16.39,16.26,16.22,16.09,16.05,16.02,15.97,15.91,15.82,15.75,15.62,15.53,15.44,15.4,15.32,15.29,15.24,15.19,15.1,15.03,14.94,14.88,14.86,14.8,14.75,14.69,14.69,14.62,14.57,14.52,14.52,14.5,14.44,14.47,14.4,14.38,14.31,14.24,14.19,14.1,14.04,13.96,13.89,13.84,13.86,13.84,13.79,13.77,13.84,13.84,13.81,,,,,,,,,,,,,,,,,,,,,,,,,,,,,,,,,,,,,,,,,,,,,,,,,,,,,,,,,,,,,,,,,,,,,,,,,,,,,,,,,,,,,,,,,,,,,,,,,,,,,,,,,,,,,,,,,,,,,,,,,,,,,,,,,,,,,,
12,7/14/21,12:51:11 PM,M-06-2,Normal,MA|30|150|5|0.075,10.36,0.66,6.94E-02,27.7,36.7,0.147,203854,0.73,-0.2202622,SOS|-93.66|0.0,0.45,131,0.51,17.24,17.82,18.28,18.69,19,19.26,19.48,19.63,19.84,19.97,20.03,20.07,20.06,20.03,19.88,19.77,19.6,19.42,19.19,18.96,18.78,18.53,18.31,18.09,17.91,17.66,17.48,17.28,17.13,16.9,16.66,16.49,16.29,16.16,15.96,15.8,15.65,15.45,15.33,15.15,14.96,14.86,14.74,14.65,14.53,14.42,14.34,14.25,14.16,14.06,13.96,13.87,13.78,13.74,13.71,13.61,13.56,13.49,13.5,13.34,13.26,13.21,13.18,13.17,13.13,13.15,13.1,13.13,13.05,12.99,12.93,12.89,12.89,12.83,12.81,12.8,12.73,12.68,12.58,12.5,12.44,12.32,12.27,12.17,12.12,12.06,11.94,11.89,11.79,11.77,11.73,11.72,11.72,11.68,11.69,11.64,11.57,11.52,11.49,11.49,11.45,11.38,11.33,11.29,11.24,11.18,11.1,11.1,11.05,10.94,10.87,10.85,10.83,10.76,10.76,10.75,10.72,10.66,10.62,10.58,10.55,10.5,10.45,10.4,10.36,10.35,10.32,10.34,10.34,10.3,10.28,,,,,,,,,,,,,,,,,,,,,,,,,,,,,,,,,,,,,,,,,,,,,,,,,,,,,,,,,,,,,,,,,,,,,,,,,,,,,,,,,,,,,,,,,,,,,,,,,,,,,,,,,
13,7/14/21,12:52:17 PM,M-06-3,Normal,MA|30|150|5|0.075,10.63,0.68,4.69E-02,27.2,37,0.156,203854,0.73,-0.2202622,SOS|-93.66|0.0,0.45,111,0.51,12.45,13.22,13.93,14.54,14.94,15.39,15.66,16,16.31,16.62,16.89,17.07,17.22,17.32,17.36,17.39,17.36,17.34,17.3,17.19,17.13,16.96,16.83,16.64,16.49,16.3,16.14,15.95,15.84,15.67,15.5,15.39,15.22,15.06,14.92,14.8,14.68,14.54,14.45,14.35,14.21,14.12,14.04,13.95,13.81,13.74,13.62,13.55,13.45,13.36,13.31,13.24,13.21,13.18,13.09,13.09,12.99,12.96,12.92,12.86,12.86,12.77,12.77,12.72,12.66,12.58,12.56,12.56,12.53,12.51,12.49,12.46,12.39,12.3,12.21,12.19,12.1,12.08,12.03,12.04,12.01,11.98,11.96,11.89,11.84,11.74,11.68,11.57,11.52,11.46,11.35,11.31,11.25,11.21,11.17,11.16,11.15,11.07,11.02,10.93,10.85,10.78,10.7,10.67,10.62,10.62,10.59,10.56,10.59,10.59,10.55,,,,,,,,,,,,,,,,,,,,,,,,,,,,,,,,,,,,,,,,,,,,,,,,,,,,,,,,,,,,,,,,,,,,,,,,,,,,,,,,,,,,,,,,,,,,,,,,,,,,,,,,,,,,,,,,,,,,,,,,,,,,,
14,7/14/21,12:53:07 PM,M-06-4,Normal,MA|30|150|5|0.075,8.61,0.86,3.63E-02,27,37.2,0.162,203854,0.73,-0.2202622,SOS|-93.66|0.0,0.45,82,0.51,10.94,11.36,11.86,12.37,12.9,13.39,13.75,14.12,14.47,14.85,15.11,15.38,15.57,15.74,15.86,15.86,15.86,15.77,15.67,15.47,15.29,15.09,14.86,14.67,14.43,14.24,14,13.78,13.57,13.35,13.17,12.94,12.77,12.58,12.43,12.26,12.05,11.89,11.71,11.57,11.36,11.19,11,10.83,10.7,10.56,10.45,10.32,10.28,10.24,10.13,10.02,9.94,9.89,9.82,9.71,9.65,9.59,9.51,9.43,9.37,9.3,9.24,9.2,9.16,9.16,9.09,9.04,8.99,8.91,8.92,8.81,8.74,8.71,8.66,8.66,8.56,8.55,8.58,8.57,8.57,8.52,,,,,,,,,,,,,,,,,,,,,,,,,,,,,,,,,,,,,,,,,,,,,,,,,,,,,,,,,,,,,,,,,,,,,,,,,,,,,,,,,,,,,,,,,,,,,,,,,,,,,,,,,,,,,,,,,,,,,,,,,,,,,,,,,,,,,,,,,,,,,,,,,,,,,,,,,,
15,7/14/21,12:53:51 PM,M-06-5,Normal,MA|30|150|5|0.075,11.49,0.58,1.29E-02,26.8,37.2,0.168,203854,0.73,-0.2202622,SOS|-93.66|0.0,0.45,73,0.51,8.7,9.07,9.54,10.05,10.67,11.23,11.64,12.17,12.6,13.01,13.41,13.8,14.11,14.34,14.54,14.75,14.85,14.88,14.9,14.81,14.77,14.65,14.54,14.41,14.3,14.2,14.05,13.91,13.76,13.63,13.54,13.42,13.31,13.2,13.08,13.01,12.87,12.78,12.69,12.64,12.62,12.53,12.5,12.44,12.4,12.35,12.25,12.17,12.1,12.04,12.01,11.95,11.96,11.97,11.96,11.97,11.91,11.86,11.8,11.72,11.7,11.7,11.64,11.61,11.58,11.57,11.46,11.43,11.45,11.45,11.44,11.45,11.48,,,,,,,,,,,,,,,,,,,,,,,,,,,,,,,,,,,,,,,,,,,,,,,,,,,,,,,,,,,,,,,,,,,,,,,,,,,,,,,,,,,,,,,,,,,,,,,,,,,,,,,,,,,,,,,,,,,,,,,,,,,,,,,,,,,,,,,,,,,,,,,,,,,,,,,,,,,,,,,,,,,
16,7/14/21,12:58:09 PM,M-03A-1,Normal,MA|30|150|5|0.075,9.98,0.75,8.95E-02,27.4,37.1,0.185,203854,0.73,-0.1983897,SOS|-93.66|0.0,0.45,154,0.51,0.03,0.03,0.08,0.35,0.73,1.3,2.11,3.12,4.16,5.28,6.54,7.76,8.95,10.1,11.22,12.46,13.51,14.52,15.41,16.28,17.09,17.7,18.22,18.67,19.09,19.43,19.71,19.91,20.1,20.22,20.31,20.39,20.37,20.44,20.39,20.4,20.34,20.23,20.18,20.01,19.91,19.75,19.58,19.44,19.28,19.14,18.98,18.81,18.68,18.48,18.26,18.07,17.91,17.7,17.53,17.34,17.21,17.05,16.82,16.74,16.55,16.46,16.3,16.14,16.04,15.86,15.76,15.6,15.49,15.37,15.26,15.17,15.06,14.96,14.86,14.78,14.7,14.58,14.49,14.34,14.24,14.09,13.97,13.88,13.78,13.73,13.61,13.59,13.49,13.41,13.32,13.2,13.13,12.99,12.93,12.86,12.82,12.75,12.68,12.63,12.52,12.43,12.31,12.24,12.16,12.07,12.04,11.97,11.87,11.83,11.74,11.75,11.69,11.62,11.6,11.52,11.5,11.36,11.29,11.24,11.2,11.16,11.12,11.1,11.04,11.01,10.93,10.91,10.82,10.79,10.72,10.66,10.6,10.54,10.53,10.47,10.43,10.43,10.41,10.38,10.32,10.3,10.29,10.19,10.12,10.07,10.06,9.97,9.97,9.93,9.97,9.93,9.9,9.91,,,,,,,,,,,,,,,,,,,,,,,,,,,,,,,,,,,,,,,,,,,,,,,,,,,,,,,,,,,,,,,,,,,,,,,,,,,,,,,,,,
17,7/14/21,12:59:43 PM,M-03A-2,Normal,MA|30|150|5|0.075,9.16,0.7,0.101375,27.8,36.8,0.198,203854,0.73,-0.1983897,SOS|-93.66|0.0,0.45,160,0.51,12.91,13.5,14.09,14.58,15.03,15.41,15.71,16.13,16.49,16.82,17.17,17.53,17.88,18.17,18.4,18.65,18.85,19.01,19.09,19.11,19.14,19.16,19.11,19.04,18.96,18.85,18.74,18.64,18.46,18.27,18.12,17.96,17.76,17.53,17.38,17.2,17.03,16.86,16.73,16.53,16.35,16.21,16.07,15.94,15.81,15.68,15.59,15.44,15.34,15.23,15.14,15.1,15.02,14.98,14.92,14.85,14.75,14.7,14.61,14.57,14.52,14.46,14.45,14.42,14.38,14.32,14.27,14.25,14.17,14.11,14.01,13.96,13.9,13.85,13.79,13.73,13.75,13.69,13.61,13.56,13.51,13.46,13.35,13.33,13.26,13.16,13.08,13.01,12.94,12.86,12.84,12.77,12.75,12.67,12.63,12.52,12.4,12.31,12.18,12.11,12,11.97,11.88,11.84,11.82,11.79,11.7,11.63,11.58,11.5,11.42,11.34,11.31,11.22,11.19,11.16,11.13,11.06,11,10.95,10.86,10.79,10.7,10.66,10.62,10.56,10.5,10.44,10.35,10.28,10.25,10.17,10.17,10.1,10.09,10.04,9.97,9.93,9.86,9.83,9.7,9.64,9.61,9.55,9.54,9.47,9.47,9.46,9.4,9.36,9.28,9.26,9.22,9.15,9.14,9.14,9.14,9.12,9.11,9.09,,,,,,,,,,,,,,,,,,,,,,,,,,,,,,,,,,,,,,,,,,,,,,,,,,,,,,,,,,,,,,,,,,,,,,,,,,,,
18,7/14/21,1:00:36 PM,M-03A-3,Normal,MA|30|150|5|0.075,11.05,0.54,4.41E-02,28,37.1,0.206,203854,0.73,-0.1983897,SOS|-93.66|0.0,0.45,89,0.51,9.89,10.39,10.92,11.64,12.25,12.84,13.33,13.89,14.62,15.22,15.86,16.47,17.05,17.61,18.03,18.37,18.65,18.87,19.03,19.1,19.13,19.13,19.13,19.08,18.95,18.82,18.7,18.55,18.34,18.12,17.95,17.79,17.57,17.38,17.19,17,16.77,16.56,16.36,16.13,15.95,15.8,15.58,15.36,15.17,14.98,14.75,14.53,14.36,14.2,14.02,13.89,13.78,13.65,13.51,13.38,13.25,13.07,12.91,12.76,12.69,12.57,12.5,12.42,12.34,12.22,12.12,12,11.83,11.72,11.65,11.6,11.54,11.48,11.48,11.46,11.42,11.34,11.25,11.19,11.11,11.08,11.02,11.01,11,11.03,11.05,11.01,10.99,,,,,,,,,,,,,,,,,,,,,,,,,,,,,,,,,,,,,,,,,,,,,,,,,,,,,,,,,,,,,,,,,,,,,,,,,,,,,,,,,,,,,,,,,,,,,,,,,,,,,,,,,,,,,,,,,,,,,,,,,,,,,,,,,,,,,,,,,,,,,,,,,,,
19,7/14/21,1:01:25 PM,M-03A-4,Normal,MA|30|150|5|0.075,13.29,0.43,3.02E-02,28.1,35.9,0.214,203854,0.73,-0.1983897,SOS|-93.66|0.0,0.45,82,0.51,11.64,12.01,12.53,13.07,13.56,14.01,14.31,14.78,15.24,15.65,16.11,16.56,17.05,17.47,17.88,18.26,18.59,18.84,19.06,19.2,19.25,19.31,19.29,19.27,19.19,19.18,19.1,18.95,18.81,18.66,18.53,18.35,18.2,18.05,17.93,17.75,17.6,17.45,17.26,17.12,16.98,16.82,16.67,16.52,16.41,16.23,16.11,16.01,15.85,15.67,15.48,15.39,15.2,15.07,14.95,14.85,14.78,14.65,14.55,14.42,14.35,14.31,14.23,14.2,14.11,14.07,13.98,13.85,13.75,13.65,13.61,13.49,13.41,13.35,13.32,13.23,13.24,13.25,13.26,13.28,13.24,13.31,,,,,,,,,,,,,,,,,,,,,,,,,,,,,,,,,,,,,,,,,,,,,,,,,,,,,,,,,,,,,,,,,,,,,,,,,,,,,,,,,,,,,,,,,,,,,,,,,,,,,,,,,,,,,,,,,,,,,,,,,,,,,,,,,,,,,,,,,,,,,,,,,,,,,,,,,,
20,7/14/21,1:02:57 PM,M-03A-5,Normal,MA|30|150|5|0.075,8.69,0.7,0.1128559,28.4,35.2,0.227,203854,0.73,-0.1983897,SOS|-93.66|0.0,0.45,159,0.51,15.22,15.74,16.21,16.59,16.89,17.14,17.33,17.58,17.88,18.18,18.52,18.87,19.26,19.68,19.98,20.3,20.54,20.75,20.87,20.92,20.98,20.93,20.89,20.75,20.62,20.49,20.35,20.18,19.98,19.81,19.65,19.42,19.19,18.97,18.7,18.52,18.26,18.08,17.83,17.65,17.49,17.28,17.07,16.87,16.67,16.47,16.25,16.03,15.86,15.62,15.52,15.33,15.19,15.04,14.92,14.83,14.65,14.53,14.4,14.31,14.16,14.04,13.98,13.88,13.8,13.68,13.64,13.51,13.42,13.34,13.29,13.23,13.12,13.12,13.03,13.04,12.92,12.84,12.79,12.69,12.66,12.51,12.55,12.54,12.5,12.52,12.46,12.42,12.35,12.25,12.21,12.12,12.1,12.03,11.97,11.97,11.9,11.88,11.8,11.81,11.74,11.64,11.56,11.45,11.34,11.28,11.17,11.06,10.96,10.91,10.84,10.69,10.65,10.59,10.51,10.44,10.4,10.33,10.29,10.23,10.22,10.19,10.07,10.09,10.01,9.91,9.84,9.72,9.77,9.64,9.62,9.61,9.59,9.6,9.49,9.45,9.35,9.3,9.24,9.15,9.11,9.08,9.1,9.08,9.04,9.04,8.98,8.92,8.85,8.82,8.75,8.7,8.69,8.68,8.62,8.62,8.66,8.67,8.66,,,,,,,,,,,,,,,,,,,,,,,,,,,,,,,,,,,,,,,,,,,,,,,,,,,,,,,,,,,,,,,,,,,,,,,,,,,,,
21,7/14/21,1:05:54 PM,M-11-1,Normal,MA|30|150|5|0.075,9.27,0.74,4.73E-02,28.8,35.4,0.243,203854,0.73,-0.1983897,SOS|-93.66|0.0,0.45,126,0.51,2.38,2.5,2.65,3.05,3.55,4.22,5.17,6.2,7.29,8.35,9.42,10.51,11.36,12.17,12.87,13.5,14.04,14.37,14.73,14.99,15.19,15.35,15.38,15.42,15.44,15.47,15.43,15.37,15.4,15.36,15.28,15.16,15.14,15.03,14.96,14.85,14.79,14.7,14.57,14.48,14.35,14.25,14.12,14.04,13.95,13.85,13.78,13.7,13.65,13.55,13.48,13.39,13.27,13.16,13.06,12.96,12.84,12.76,12.69,12.62,12.54,12.48,12.43,12.4,12.33,12.26,12.17,12.07,12,11.87,11.81,11.72,11.64,11.57,11.48,11.47,11.4,11.36,11.29,11.26,11.18,11.02,10.89,10.8,10.75,10.68,10.64,10.62,10.62,10.56,10.49,10.42,10.31,10.27,10.22,10.2,10.14,10.12,10.09,10.05,10.02,9.94,9.93,9.88,9.84,9.8,9.71,9.69,9.62,9.56,9.55,9.53,9.51,9.49,9.47,9.46,9.4,9.35,9.32,9.24,9.27,9.24,9.27,9.23,9.2,9.18,,,,,,,,,,,,,,,,,,,,,,,,,,,,,,,,,,,,,,,,,,,,,,,,,,,,,,,,,,,,,,,,,,,,,,,,,,,,,,,,,,,,,,,,,,,,,,,,,,,,,,,,,,,,,,
22,7/14/21,1:06:47 PM,M-11-2,Normal,MA|30|150|5|0.075,9.81,0.69,4.32E-02,28.9,36.3,0.25,203854,0.73,-0.1983897,SOS|-93.66|0.0,0.45,91,0.51,9.27,9.63,10.14,10.74,11.38,12,12.55,13.16,13.77,14.25,14.81,15.21,15.71,16.04,16.3,16.57,16.77,17.05,17.16,17.27,17.29,17.34,17.25,17.1,16.94,16.79,16.69,16.47,16.39,16.23,16.09,15.94,15.72,15.59,15.38,15.23,15.03,14.88,14.71,14.5,14.32,14.1,13.92,13.76,13.61,13.49,13.35,13.26,13.1,12.98,12.87,12.74,12.57,12.42,12.36,12.22,12.1,12.03,11.99,11.9,11.85,11.73,11.64,11.48,11.35,11.23,11.04,10.99,10.92,10.84,10.8,10.71,10.66,10.54,10.45,10.43,10.33,10.27,10.21,10.14,10.04,9.94,9.86,9.88,9.8,9.82,9.81,9.8,9.77,9.72,9.73,,,,,,,,,,,,,,,,,,,,,,,,,,,,,,,,,,,,,,,,,,,,,,,,,,,,,,,,,,,,,,,,,,,,,,,,,,,,,,,,,,,,,,,,,,,,,,,,,,,,,,,,,,,,,,,,,,,,,,,,,,,,,,,,,,,,,,,,,,,,,,,,,
23,7/14/21,1:08:00 PM,M-11-3,Normal,MA|30|150|5|0.075,8.57,0.87,6.32E-02,28.9,34.7,0.259,203854,0.73,-0.1983897,SOS|-93.66|0.0,0.45,129,0.51,9.8,10.2,10.66,11.27,11.94,12.57,13.03,13.57,14.1,14.68,15.14,15.64,16.07,16.41,16.7,16.83,16.94,16.95,16.96,16.98,16.9,16.85,16.73,16.61,16.44,16.21,15.98,15.73,15.53,15.25,15.05,14.82,14.61,14.41,14.17,14.01,13.82,13.71,13.62,13.5,13.43,13.33,13.26,13.16,13.08,13.05,12.98,12.93,12.88,12.82,12.71,12.62,12.58,12.53,12.51,12.47,12.48,12.48,12.43,12.39,12.35,12.31,12.28,12.19,12.12,12.07,11.93,11.87,11.75,11.65,11.61,11.51,11.48,11.37,11.29,11.25,11.18,11.13,11.06,10.96,10.91,10.81,10.73,10.65,10.57,10.54,10.49,10.43,10.35,10.26,10.22,10.17,10.1,10,9.91,9.87,9.76,9.69,9.61,9.59,9.56,9.53,9.5,9.44,9.37,9.3,9.25,9.21,9.09,9.06,9.03,9,9,8.93,8.95,8.94,8.88,8.84,8.76,8.75,8.67,8.55,8.52,8.54,8.53,8.52,8.54,8.55,8.55,,,,,,,,,,,,,,,,,,,,,,,,,,,,,,,,,,,,,,,,,,,,,,,,,,,,,,,,,,,,,,,,,,,,,,,,,,,,,,,,,,,,,,,,,,,,,,,,,,,,,,,,,,,
24,7/14/21,1:08:55 PM,M-11-4,Normal,MA|30|150|5|0.075,11.52,0.62,0.0434837,29.1,36.5,0.267,203854,0.73,-0.1983897,SOS|-93.66|0.0,0.45,86,0.51,13.15,14.11,14.97,15.71,16.3,16.73,17.12,17.51,17.92,18.3,18.69,19.04,19.31,19.5,19.63,19.73,19.75,19.75,19.66,19.59,19.48,19.32,19.13,18.88,18.67,18.45,18.2,17.97,17.74,17.5,17.28,17.02,16.8,16.58,16.33,16.15,15.93,15.72,15.52,15.34,15.2,14.99,14.85,14.7,14.51,14.35,14.18,14.05,13.91,13.83,13.75,13.66,13.5,13.38,13.25,13.13,13,12.87,12.81,12.7,12.62,12.51,12.41,12.36,12.31,12.27,12.2,12.09,12,11.94,11.9,11.86,11.82,11.79,11.8,11.74,11.65,11.6,11.58,11.55,11.48,11.46,11.47,11.46,11.44,11.47,,,,,,,,,,,,,,,,,,,,,,,,,,,,,,,,,,,,,,,,,,,,,,,,,,,,,,,,,,,,,,,,,,,,,,,,,,,,,,,,,,,,,,,,,,,,,,,,,,,,,,,,,,,,,,,,,,,,,,,,,,,,,,,,,,,,,,,,,,,,,,,,,,,,,,
26,7/14/21,1:10:47 PM,M-11-5,Normal,MA|30|150|5|0.075,8.9,0.72,0.0866743,29.3,36.3,0.285,203854,0.73,-0.1983897,SOS|-93.66|0.0,0.45,122,0.51,17.51,17.91,18.38,18.86,19.23,19.59,19.87,20.28,20.7,21.1,21.48,21.84,22.22,22.42,22.54,22.57,22.55,22.46,22.22,22.02,21.76,21.46,21.12,20.74,20.44,20.08,19.74,19.34,19.01,18.66,18.32,18.03,17.65,17.42,17.11,16.87,16.59,16.31,16.03,15.74,15.58,15.28,15.03,14.82,14.67,14.52,14.26,14.15,13.99,13.82,13.64,13.43,13.29,13.11,12.98,12.82,12.7,12.58,12.46,12.38,12.28,12.19,12.07,11.98,11.87,11.77,11.68,11.56,11.47,11.41,11.31,11.24,11.15,11.12,11.05,10.95,10.87,10.73,10.64,10.59,10.55,10.47,10.44,10.38,10.36,10.21,10.13,10.09,10.02,10,9.91,9.9,9.83,9.72,9.68,9.62,9.57,9.51,9.48,9.54,9.45,9.41,9.42,9.4,9.36,9.31,9.32,9.29,9.23,9.2,9.19,9.09,9.03,8.94,8.95,8.85,8.85,8.85,8.84,8.91,8.85,8.88,,,,,,,,,,,,,,,,,,,,,,,,,,,,,,,,,,,,,,,,,,,,,,,,,,,,,,,,,,,,,,,,,,,,,,,,,,,,,,,,,,,,,,,,,,,,,,,,,,,,,,,,,,,,,,,,,,
27,7/14/21,1:14:29 PM,M-09-1,Normal,MA|30|150|5|0.075,8.31,0.85,0.1137807,28.9,35.1,0.308,203854,0.73,-0.1983897,SOS|-93.66|0.0,0.45,174,0.51,4.02,4.04,4.06,4.33,4.72,5.25,5.88,6.7,7.67,8.62,9.63,10.58,11.63,12.58,13.46,14.39,15.15,15.96,16.62,17.16,17.67,17.98,18.34,18.59,18.8,19.04,19.14,19.27,19.38,19.42,19.42,19.41,19.45,19.42,19.38,19.31,19.2,19.09,18.98,18.89,18.75,18.57,18.48,18.36,18.21,18.08,17.95,17.88,17.73,17.59,17.4,17.28,17.1,16.94,16.78,16.67,16.54,16.35,16.25,16.1,15.98,15.79,15.71,15.61,15.49,15.4,15.27,15.17,15.01,14.83,14.72,14.54,14.43,14.33,14.21,14.14,14.01,13.93,13.79,13.7,13.64,13.5,13.44,13.35,13.3,13.22,13.11,13.07,12.93,12.84,12.75,12.65,12.57,12.51,12.47,12.44,12.35,12.32,12.27,12.22,12.11,12.04,11.97,11.85,11.81,11.69,11.7,11.6,11.54,11.43,11.34,11.27,11.17,11.13,11.05,11.02,10.97,10.92,10.86,10.81,10.76,10.68,10.61,10.54,10.43,10.39,10.31,10.27,10.21,10.16,10.13,10.03,9.97,9.86,9.77,9.72,9.69,9.6,9.58,9.57,9.54,9.51,9.44,9.44,9.41,9.39,9.33,9.29,9.23,9.15,9.09,9.02,8.99,8.9,8.88,8.86,8.84,8.75,8.72,8.71,8.64,8.6,8.55,8.55,8.47,8.38,8.35,8.29,8.25,8.25,8.26,8.31,8.28,8.27,,,,,,,,,,,,,,,,,,,,,,,,,,,,,,,,,,,,,,,,,,,,,,,,,,,,,,,,,,,,,,
28,7/14/21,1:15:27 PM,M-09-2,Normal,MA|30|150|5|0.075,7.9,0.94,0.0522051,28.4,35.6,0.315,203854,0.73,-0.1983897,SOS|-93.66|0.0,0.45,96,0.51,9.81,10.45,11.25,11.99,12.67,13.19,13.57,14.16,14.66,15.15,15.55,15.96,16.35,16.64,16.85,16.98,17.12,17.17,17.13,17.05,16.92,16.73,16.56,16.3,16.11,15.84,15.58,15.43,15.12,14.91,14.65,14.37,14.09,13.78,13.55,13.29,13.06,12.85,12.67,12.47,12.31,12.12,11.9,11.74,11.56,11.42,11.26,11.1,10.98,10.85,10.72,10.62,10.46,10.33,10.23,10.11,9.98,9.83,9.74,9.66,9.58,9.49,9.41,9.35,9.32,9.28,9.18,9.16,9.06,8.99,8.88,8.78,8.72,8.67,8.63,8.59,8.63,8.58,8.51,8.44,8.45,8.39,8.25,8.15,8.11,8.03,8.01,7.95,7.93,7.96,7.95,7.9,7.83,7.83,7.81,7.79,,,,,,,,,,,,,,,,,,,,,,,,,,,,,,,,,,,,,,,,,,,,,,,,,,,,,,,,,,,,,,,,,,,,,,,,,,,,,,,,,,,,,,,,,,,,,,,,,,,,,,,,,,,,,,,,,,,,,,,,,,,,,,,,,,,,,,,,,,,,
29,7/14/21,1:16:22 PM,M-09-3,Normal,MA|30|150|5|0.075,7.1,0.91,4.64E-02,28.1,36,0.321,203854,0.73,-0.1983897,SOS|-93.66|0.0,0.45,92,0.51,8.28,8.73,9.38,10.08,10.76,11.31,11.79,12.41,12.91,13.44,13.89,14.33,14.75,15.03,15.26,15.43,15.56,15.59,15.56,15.54,15.46,15.34,15.18,15.03,14.81,14.6,14.4,14.16,13.9,13.67,13.41,13.15,12.87,12.59,12.41,12.19,12.01,11.77,11.53,11.37,11.2,11.01,10.79,10.62,10.49,10.31,10.08,9.96,9.86,9.72,9.59,9.51,9.42,9.29,9.21,9.09,9.02,8.89,8.82,8.71,8.63,8.53,8.43,8.37,8.25,8.21,8.08,8.08,7.99,7.96,7.96,7.87,7.87,7.85,7.82,7.76,7.66,7.6,7.49,7.44,7.35,7.28,7.21,7.17,7.17,7.09,7.09,7.06,7.04,7.06,7.04,7.04,,,,,,,,,,,,,,,,,,,,,,,,,,,,,,,,,,,,,,,,,,,,,,,,,,,,,,,,,,,,,,,,,,,,,,,,,,,,,,,,,,,,,,,,,,,,,,,,,,,,,,,,,,,,,,,,,,,,,,,,,,,,,,,,,,,,,,,,,,,,,,,,
30,7/14/21,1:17:13 PM,M-09-4,Normal,MA|30|150|5|0.075,6.89,1.08,4.10E-02,27.7,36.3,0.326,203854,0.73,-0.1983897,SOS|-93.66|0.0,0.45,88,0.51,7.24,7.61,8.08,8.68,9.29,9.88,10.34,10.92,11.46,11.98,12.49,12.98,13.42,13.75,14.02,14.22,14.32,14.37,14.35,14.33,14.26,14.14,14.02,13.89,13.76,13.56,13.4,13.2,13.03,12.84,12.58,12.41,12.15,11.97,11.76,11.53,11.38,11.17,11.01,10.82,10.64,10.5,10.32,10.16,10.01,9.91,9.73,9.57,9.45,9.34,9.18,9.04,8.95,8.83,8.71,8.63,8.53,8.44,8.38,8.3,8.28,8.18,8.12,8.05,7.95,7.87,7.72,7.71,7.68,7.63,7.57,7.56,7.53,7.45,7.36,7.24,7.2,7.07,7.03,6.96,6.93,6.91,6.88,6.89,6.88,6.87,6.83,6.76,,,,,,,,,,,,,,,,,,,,,,,,,,,,,,,,,,,,,,,,,,,,,,,,,,,,,,,,,,,,,,,,,,,,,,,,,,,,,,,,,,,,,,,,,,,,,,,,,,,,,,,,,,,,,,,,,,,,,,,,,,,,,,,,,,,,,,,,,,,,,,,,,,,,
31,7/14/21,1:18:07 PM,M-09-5,Normal,MA|30|150|5|0.075,6.72,1.11,3.70E-02,27.3,36.6,0.331,203854,0.73,-0.1983897,SOS|-93.66|0.0,0.45,92,0.51,7.03,7.33,7.7,8.18,8.72,9.33,9.78,10.28,10.78,11.3,11.82,12.25,12.65,13.01,13.3,13.49,13.62,13.65,13.67,13.65,13.6,13.49,13.35,13.25,13.09,12.91,12.71,12.56,12.39,12.18,12.04,11.82,11.63,11.39,11.17,10.94,10.71,10.52,10.37,10.19,10,9.92,9.77,9.65,9.55,9.46,9.33,9.19,9.08,8.97,8.81,8.71,8.64,8.52,8.43,8.35,8.29,8.19,8.09,8.03,7.93,7.87,7.81,7.74,7.72,7.66,7.61,7.55,7.49,7.43,7.34,7.28,7.2,7.13,7.06,7.04,7.07,7.01,7.02,7.01,6.91,6.9,6.83,6.83,6.76,6.7,6.78,6.7,6.67,6.63,6.64,6.64,,,,,,,,,,,,,,,,,,,,,,,,,,,,,,,,,,,,,,,,,,,,,,,,,,,,,,,,,,,,,,,,,,,,,,,,,,,,,,,,,,,,,,,,,,,,,,,,,,,,,,,,,,,,,,,,,,,,,,,,,,,,,,,,,,,,,,,,,,,,,,,,
32,7/14/21,1:21:35 PM,M20-1,Normal,MA|30|150|5|0.075,14.44,0.46,8.41E-03,26.5,37.7,0.34,203854,0.73,-0.1176073,SOS|-93.66|0.0,0.45,80,0.51,0.01,0.16,0.33,0.61,1.06,1.65,2.48,3.36,4.26,5.23,6.22,7.18,8.12,9.03,10,10.87,11.68,12.38,12.96,13.55,14,14.41,14.74,15.07,15.34,15.56,15.76,15.92,16.05,16.13,16.19,16.24,16.3,16.34,16.39,16.41,16.4,16.36,16.31,16.22,16.14,16.11,16.1,16.07,16,15.99,15.93,15.87,15.82,15.73,15.7,15.57,15.52,15.42,15.33,15.28,15.17,15.13,15.01,14.96,14.89,14.83,14.81,14.76,14.79,14.79,14.73,14.7,14.68,14.64,14.57,14.53,14.48,14.44,14.43,14.39,14.38,14.38,14.42,14.38,,,,,,,,,,,,,,,,,,,,,,,,,,,,,,,,,,,,,,,,,,,,,,,,,,,,,,,,,,,,,,,,,,,,,,,,,,,,,,,,,,,,,,,,,,,,,,,,,,,,,,,,,,,,,,,,,,,,,,,,,,,,,,,,,,,,,,,,,,,,,,,,,,,,,,,,,,,,
33,7/14/21,1:22:18 PM,M20-2,Normal,MA|30|150|5|0.075,14.18,0.36,3.11E-02,26.7,39.5,0.347,203854,0.73,-0.1176073,SOS|-93.66|0.0,0.45,62,0.51,17.25,17.91,18.49,18.95,19.32,19.61,19.8,20.05,20.27,20.48,20.66,20.87,20.98,21.16,21.21,21.24,21.2,21.15,21.05,20.88,20.71,20.58,20.39,20.15,19.91,19.65,19.41,19.13,18.89,18.58,18.36,18.14,17.9,17.65,17.42,17.23,17,16.75,16.55,16.34,16.11,15.93,15.77,15.61,15.38,15.22,15.09,14.92,14.72,14.59,14.49,14.39,14.3,14.21,14.19,14.15,14.15,14.12,14.14,14.18,14.19,14.18,,,,,,,,,,,,,,,,,,,,,,,,,,,,,,,,,,,,,,,,,,,,,,,,,,,,,,,,,,,,,,,,,,,,,,,,,,,,,,,,,,,,,,,,,,,,,,,,,,,,,,,,,,,,,,,,,,,,,,,,,,,,,,,,,,,,,,,,,,,,,,,,,,,,,,,,,,,,,,,,,,,,,,,,,,,,,,
34,7/14/21,1:23:14 PM,M20-3,Normal,MA|30|150|5|0.075,14.19,0.38,5.18E-02,27.2,37.2,0.358,203854,0.73,-0.1176073,SOS|-93.66|0.0,0.45,93,0.51,15.17,15.68,16.34,16.98,17.55,18.01,18.42,18.88,19.27,19.65,20.04,20.49,20.83,21.18,21.49,21.85,22.08,22.29,22.46,22.58,22.7,22.71,22.71,22.67,22.62,22.53,22.38,22.26,22.09,21.92,21.78,21.58,21.42,21.19,21.04,20.79,20.58,20.41,20.18,20.02,19.79,19.61,19.42,19.2,19.02,18.79,18.61,18.42,18.23,18.04,17.88,17.75,17.59,17.48,17.31,17.19,17.05,16.92,16.78,16.65,16.52,16.38,16.26,16.08,15.92,15.77,15.69,15.58,15.49,15.41,15.35,15.28,15.16,15.11,14.99,14.92,14.86,14.77,14.68,14.61,14.55,14.47,14.38,14.31,14.27,14.19,14.14,14.17,14.16,14.19,14.15,14.14,14.19,,,,,,,,,,,,,,,,,,,,,,,,,,,,,,,,,,,,,,,,,,,,,,,,,,,,,,,,,,,,,,,,,,,,,,,,,,,,,,,,,,,,,,,,,,,,,,,,,,,,,,,,,,,,,,,,,,,,,,,,,,,,,,,,,,,,,,,,,,,,,,,
35,7/14/21,1:24:37 PM,M20-4,Normal,MA|30|150|5|0.075,11.31,0.64,9.61E-02,27.5,36.7,0.372,203854,0.73,-0.1176073,SOS|-93.66|0.0,0.45,149,0.51,14.71,14.99,15.39,15.82,16.29,16.75,17.21,17.68,18.23,18.75,19.29,19.75,20.22,20.72,21.08,21.41,21.65,21.94,22.12,22.24,22.35,22.36,22.41,22.31,22.21,22.04,21.94,21.82,21.62,21.52,21.38,21.2,20.97,20.83,20.66,20.48,20.28,20.15,20.01,19.78,19.62,19.42,19.26,19.09,18.91,18.75,18.59,18.37,18.24,18.1,17.91,17.78,17.62,17.56,17.38,17.22,17.11,16.97,16.86,16.68,16.55,16.39,16.28,16.11,15.95,15.9,15.78,15.7,15.56,15.48,15.38,15.27,15.14,15.08,14.99,14.9,14.81,14.68,14.63,14.53,14.46,14.4,14.33,14.33,14.27,14.24,14.14,14.07,14.03,13.9,13.84,13.75,13.69,13.61,13.51,13.46,13.35,13.28,13.18,13.12,13.04,12.97,12.94,12.87,12.85,12.83,12.82,12.78,12.73,12.72,12.68,12.6,12.56,12.51,12.45,12.36,12.37,12.38,12.31,12.27,12.24,12.2,12.13,12.04,12.02,12,11.96,11.92,11.85,11.83,11.8,11.76,11.68,11.67,11.67,11.63,11.58,11.51,11.5,11.44,11.38,11.36,11.29,11.32,11.31,11.28,11.27,11.21,11.21,,,,,,,,,,,,,,,,,,,,,,,,,,,,,,,,,,,,,,,,,,,,,,,,,,,,,,,,,,,,,,,,,,,,,,,,,,,,,,,,,,,,,,,
36,7/14/21,1:25:25 PM,M20-5,Normal,MA|30|150|5|0.075,15.4,0.49,3.15E-02,27.7,36.5,0.381,203854,0.73,-0.1176073,SOS|-93.66|0.0,0.45,74,0.51,13.79,14.6,15.46,16.2,16.84,17.37,17.81,18.36,18.77,19.13,19.56,19.93,20.3,20.63,20.96,21.29,21.59,21.78,21.99,22.12,22.23,22.26,22.17,22.16,22,21.86,21.67,21.48,21.28,21.07,20.84,20.6,20.36,20.17,19.93,19.7,19.51,19.28,19.07,18.85,18.64,18.46,18.27,18.09,17.95,17.77,17.64,17.41,17.28,17.15,16.98,16.84,16.75,16.69,16.55,16.43,16.34,16.22,16.12,16,15.93,15.88,15.79,15.67,15.57,15.49,15.43,15.36,15.33,15.37,15.35,15.37,15.38,15.38,,,,,,,,,,,,,,,,,,,,,,,,,,,,,,,,,,,,,,,,,,,,,,,,,,,,,,,,,,,,,,,,,,,,,,,,,,,,,,,,,,,,,,,,,,,,,,,,,,,,,,,,,,,,,,,,,,,,,,,,,,,,,,,,,,,,,,,,,,,,,,,,,,,,,,,,,,,,,,,,,,
37,7/14/21,1:27:44 PM,M-19-1,Normal,MA|30|150|5|0.075,17.86,0.4,3.16E-02,28.2,35.6,0.4,203854,0.73,-0.1176073,SOS|-93.66|0.0,0.45,122,0.51,2.71,2.93,3.23,3.76,4.51,5.43,6.44,7.47,8.52,9.68,10.76,11.84,12.88,13.86,14.91,15.79,16.64,17.46,18.19,18.91,19.51,20.06,20.56,20.92,21.31,21.6,21.89,22.1,22.28,22.47,22.58,22.64,22.7,22.71,22.7,22.67,22.69,22.7,22.65,22.59,22.53,22.45,22.33,22.23,22.1,22.03,21.9,21.81,21.71,21.61,21.53,21.44,21.34,21.25,21.1,20.98,20.86,20.78,20.66,20.57,20.48,20.44,20.36,20.25,20.2,20.12,20.05,19.94,19.83,19.78,19.74,19.68,19.62,19.54,19.49,19.43,19.35,19.27,19.25,19.21,19.2,19.16,19.14,19.06,18.95,18.97,18.93,18.86,18.79,18.79,18.8,18.74,18.66,18.65,18.66,18.64,18.59,18.54,18.52,18.47,18.39,18.33,18.31,18.25,18.26,18.25,18.24,18.23,18.15,18.11,18.1,18.02,18.01,17.93,17.91,17.88,17.79,17.79,17.78,17.82,17.86,17.85,,,,,,,,,,,,,,,,,,,,,,,,,,,,,,,,,,,,,,,,,,,,,,,,,,,,,,,,,,,,,,,,,,,,,,,,,,,,,,,,,,,,,,,,,,,,,,,,,,,,,,,,,,,,,,,,,,
38,7/14/21,1:28:58 PM,M-19-2,Normal,MA|30|150|5|0.075,15.1,0.49,8.22E-02,28.4,35.8,0.415,203854,0.73,-0.1176073,SOS|-93.66|0.0,0.45,125,0.51,19.92,20.45,20.85,21.17,21.48,21.75,22.04,22.4,22.76,23.11,23.42,23.75,24.08,24.35,24.63,24.82,25.02,25.22,25.36,25.45,25.49,25.55,25.54,25.48,25.42,25.35,25.22,25.07,24.92,24.79,24.58,24.4,24.21,24.02,23.84,23.65,23.46,23.26,23.07,22.87,22.69,22.52,22.35,22.09,21.97,21.8,21.58,21.36,21.22,21.07,20.84,20.67,20.56,20.4,20.21,20.08,19.94,19.79,19.57,19.43,19.27,19.11,18.97,18.78,18.68,18.55,18.41,18.28,18.14,18.1,18,17.87,17.75,17.69,17.64,17.52,17.43,17.39,17.35,17.25,17.14,17.05,16.95,16.84,16.76,16.7,16.64,16.58,16.56,16.56,16.49,16.41,16.36,16.32,16.22,16.1,16.05,16,15.92,15.88,15.83,15.77,15.73,15.67,15.62,15.56,15.54,15.51,15.42,15.42,15.38,15.35,15.33,15.3,15.31,15.2,15.2,15.16,15.12,15.11,15.11,15.11,15.04,15.01,14.98,,,,,,,,,,,,,,,,,,,,,,,,,,,,,,,,,,,,,,,,,,,,,,,,,,,,,,,,,,,,,,,,,,,,,,,,,,,,,,,,,,,,,,,,,,,,,,,,,,,,,,,,,,,,,,,
39,7/14/21,1:30:22 PM,M-19-3,Normal,MA|30|150|5|0.075,13.72,0.47,0.1038547,28.7,36,0.432,203854,0.73,-0.1176073,SOS|-93.66|0.0,0.45,144,0.51,18.73,19.51,20.27,20.85,21.41,21.82,22.12,22.6,22.89,23.27,23.65,24.03,24.4,24.74,25.07,25.31,25.54,25.69,25.76,25.8,25.77,25.71,25.6,25.45,25.33,25.13,24.93,24.77,24.56,24.35,24.13,23.92,23.7,23.42,23.23,22.97,22.76,22.54,22.38,22.19,21.95,21.82,21.65,21.48,21.31,21.18,21.03,20.87,20.73,20.6,20.45,20.36,20.28,20.19,20.1,20.04,19.99,19.83,19.74,19.63,19.55,19.44,19.26,19.21,19.07,18.94,18.79,18.62,18.54,18.4,18.31,18.24,18.14,18.08,17.92,17.84,17.74,17.61,17.5,17.36,17.31,17.2,17.07,16.99,16.88,16.8,16.73,16.62,16.62,16.52,16.45,16.37,16.31,16.22,16.14,16.07,16.04,15.98,15.88,15.82,15.7,15.7,15.59,15.56,15.52,15.5,15.51,15.41,15.36,15.26,15.22,15.11,15.05,15.01,14.96,14.9,14.83,14.8,14.68,14.61,14.57,14.52,14.47,14.41,14.42,14.37,14.34,14.35,14.29,14.26,14.21,14.15,14.05,13.91,13.88,13.78,13.71,13.68,13.68,13.69,13.67,13.72,13.73,13.7,,,,,,,,,,,,,,,,,,,,,,,,,,,,,,,,,,,,,,,,,,,,,,,,,,,,,,,,,,,,,,,,,,,,,,,,,,,,,,,,,,,,,,,,,,,,
40,7/14/21,1:31:52 PM,M-19-4,Normal,MA|30|150|5|0.075,14.43,0.51,0.1192209,28.6,34.7,0.45,203854,0.73,-0.1176073,SOS|-93.66|0.0,0.45,159,0.51,14.93,15.65,16.39,17.23,17.91,18.41,18.82,19.32,19.9,20.45,21.08,21.71,22.34,23.08,23.8,24.45,25.05,25.55,26.09,26.47,26.78,27.05,27.22,27.4,27.48,27.56,27.54,27.53,27.49,27.41,27.26,27.11,26.98,26.79,26.6,26.4,26.24,26.03,25.78,25.57,25.34,25.14,24.87,24.62,24.38,24.14,23.89,23.69,23.48,23.25,23.03,22.83,22.64,22.39,22.17,21.95,21.77,21.58,21.41,21.27,21.1,21.03,20.88,20.74,20.6,20.42,20.3,20.12,20,19.91,19.79,19.71,19.65,19.58,19.5,19.37,19.28,19.2,19.06,18.98,18.82,18.76,18.7,18.61,18.52,18.45,18.43,18.38,18.27,18.2,18.08,18.03,17.91,17.81,17.75,17.68,17.64,17.54,17.52,17.45,17.35,17.27,17.2,17.11,17.06,16.97,16.93,16.88,16.87,16.8,16.74,16.68,16.58,16.52,16.43,16.4,16.35,16.3,16.25,16.19,16.13,16.08,15.99,15.95,15.92,15.88,15.81,15.73,15.71,15.62,15.57,15.51,15.47,15.39,15.27,15.24,15.17,15.17,15.09,15.09,15.05,14.98,14.88,14.81,14.77,14.67,14.65,14.62,14.59,14.51,14.51,14.5,14.44,14.45,14.43,14.42,14.36,14.33,14.3,,,,,,,,,,,,,,,,,,,,,,,,,,,,,,,,,,,,,,,,,,,,,,,,,,,,,,,,,,,,,,,,,,,,,,,,,,,,,
41,7/14/21,1:33:15 PM,M-19-5,Normal,MA|30|150|5|0.075,12.6,0.55,0.0970179,28.8,34.9,0.465,203854,0.73,-0.1176073,SOS|-93.66|0.0,0.45,140,0.51,19.12,19.98,20.67,21.27,21.73,22.05,22.25,22.56,22.89,23.15,23.42,23.66,23.97,24.16,24.23,24.39,24.45,24.48,24.43,24.35,24.32,24.18,24.03,23.82,23.62,23.45,23.21,22.94,22.73,22.5,22.27,21.99,21.79,21.61,21.37,21.14,20.96,20.75,20.54,20.37,20.23,20.07,19.86,19.73,19.52,19.34,19.14,18.95,18.81,18.68,18.59,18.43,18.28,18.18,18.05,17.85,17.73,17.63,17.51,17.4,17.31,17.24,17.09,16.96,16.88,16.77,16.64,16.52,16.42,16.37,16.25,16.21,16.09,16.03,15.96,15.83,15.69,15.57,15.49,15.34,15.26,15.16,15.11,15.03,14.98,14.94,14.88,14.8,14.75,14.68,14.59,14.54,14.47,14.42,14.41,14.31,14.31,14.27,14.21,14.18,14.1,14.04,13.98,13.88,13.83,13.79,13.79,13.8,13.72,13.72,13.67,13.58,13.52,13.41,13.39,13.34,13.29,13.28,13.2,13.19,13.15,13.12,13.12,13.09,13.07,13.01,12.98,12.94,12.83,12.79,12.68,12.7,12.65,12.61,12.63,12.57,12.62,12.57,12.52,12.49,,,,,,,,,,,,,,,,,,,,,,,,,,,,,,,,,,,,,,,,,,,,,,,,,,,,,,,,,,,,,,,,,,,,,,,,,,,,,,,,,,,,,,,,,,,,,,,,
42,7/14/21,4:11:40 PM,W-039-1,Normal,MA|30|150|5|0.075,13.89,0.46,7.33E-02,28.7,36.6,0.613,203854,0.73,-0.084202,SOS|-93.66|0.0,0.45,144,0.51,0.11,0.29,0.63,1.13,1.87,2.78,4.01,5.34,6.61,7.9,9.16,10.48,11.6,12.72,13.81,14.83,15.87,16.72,17.54,18.27,18.95,19.57,20.05,20.49,20.85,21.15,21.41,21.59,21.75,21.83,21.88,21.93,21.96,21.96,21.95,21.97,21.93,21.92,21.81,21.85,21.75,21.66,21.59,21.47,21.4,21.21,21.12,21,20.9,20.83,20.72,20.62,20.54,20.45,20.36,20.24,20.13,20,19.86,19.77,19.7,19.59,19.51,19.43,19.37,19.26,19.13,19.06,18.96,18.91,18.8,18.71,18.67,18.51,18.45,18.35,18.26,18.17,18.06,18.03,17.9,17.83,17.77,17.7,17.59,17.54,17.48,17.4,17.29,17.21,17.16,17.09,16.98,16.89,16.81,16.74,16.63,16.53,16.51,16.45,16.38,16.37,16.33,16.28,16.18,16.12,16.05,15.95,15.9,15.82,15.76,15.67,15.6,15.48,15.33,15.22,15.1,14.99,14.93,14.85,14.76,14.7,14.64,14.58,14.47,14.41,14.34,14.23,14.2,14.2,14.16,14.13,14.1,14.12,14.03,13.97,13.92,13.88,13.87,13.84,13.84,13.84,13.86,13.87,,,,,,,,,,,,,,,,,,,,,,,,,,,,,,,,,,,,,,,,,,,,,,,,,,,,,,,,,,,,,,,,,,,,,,,,,,,,,,,,,,,,,,,,,,,,
43,7/14/21,4:12:47 PM,W-039-2,Normal,MA|30|150|5|0.075,11.98,0.48,0.1056163,28.8,36.4,0.626,203854,0.73,-0.084202,SOS|-93.66|0.0,0.45,114,0.51,15.84,16.81,17.86,18.88,19.71,20.48,21.13,21.82,22.51,23.21,23.99,24.7,25.37,26.05,26.59,27.09,27.41,27.62,27.78,27.83,27.81,27.68,27.53,27.4,27.15,26.87,26.58,26.26,25.97,25.6,25.23,24.9,24.58,24.26,23.9,23.56,23.26,22.94,22.62,22.27,21.94,21.61,21.32,20.97,20.64,20.36,20.06,19.79,19.5,19.22,18.96,18.69,18.46,18.21,17.95,17.78,17.57,17.4,17.21,17.05,16.88,16.67,16.53,16.36,16.19,16.03,15.86,15.74,15.58,15.39,15.26,15.11,14.99,14.88,14.73,14.65,14.53,14.42,14.32,14.15,14.03,13.93,13.82,13.71,13.58,13.54,13.43,13.35,13.26,13.17,13.12,13.05,12.98,12.86,12.77,12.66,12.54,12.45,12.4,12.37,12.31,12.27,12.25,12.19,12.1,12.03,12.01,12,11.93,11.95,11.98,11.98,11.95,11.89,,,,,,,,,,,,,,,,,,,,,,,,,,,,,,,,,,,,,,,,,,,,,,,,,,,,,,,,,,,,,,,,,,,,,,,,,,,,,,,,,,,,,,,,,,,,,,,,,,,,,,,,,,,,,,,,,,,,,,,,,,
44,7/14/21,4:13:43 PM,W-039-3,Normal,MA|30|150|5|0.075,15.89,0.41,5.10E-02,28.9,36.3,0.637,203854,0.73,-0.084202,SOS|-93.66|0.0,0.45,97,0.51,12.45,12.94,13.6,14.42,15.22,15.94,16.58,17.45,18.22,18.98,19.81,20.6,21.44,22.1,22.79,23.35,23.85,24.26,24.52,24.77,24.92,25.04,25.08,25.06,25.06,25.01,24.92,24.77,24.65,24.51,24.34,24.14,23.94,23.75,23.51,23.3,23.04,22.86,22.64,22.39,22.21,22,21.79,21.53,21.26,21.08,20.8,20.58,20.3,20.08,19.89,19.69,19.52,19.29,19.16,18.99,18.86,18.68,18.53,18.38,18.21,18.02,17.87,17.75,17.6,17.46,17.39,17.3,17.17,17.01,16.88,16.84,16.75,16.64,16.56,16.57,16.53,16.47,16.37,16.32,16.3,16.25,16.2,16.15,16.14,16.12,16.06,16,15.98,15.96,15.88,15.86,15.84,15.84,15.84,15.82,15.86,,,,,,,,,,,,,,,,,,,,,,,,,,,,,,,,,,,,,,,,,,,,,,,,,,,,,,,,,,,,,,,,,,,,,,,,,,,,,,,,,,,,,,,,,,,,,,,,,,,,,,,,,,,,,,,,,,,,,,,,,,,,,,,,,,,,,,,,,,,
45,7/14/21,4:14:42 PM,W-039-4,Normal,MA|30|150|5|0.075,13.72,0.54,5.84E-02,29.1,37.1,0.648,203854,0.73,-0.084202,SOS|-93.66|0.0,0.45,101,0.51,15.9,16.11,16.47,16.84,17.37,17.95,18.44,19.03,19.68,20.33,20.95,21.52,22.09,22.56,22.92,23.18,23.41,23.5,23.57,23.58,23.53,23.45,23.3,23.18,22.99,22.78,22.56,22.32,22.04,21.73,21.5,21.24,20.98,20.69,20.45,20.23,19.99,19.76,19.53,19.37,19.17,19.02,18.79,18.6,18.44,18.23,18.07,17.89,17.74,17.55,17.38,17.24,17.1,16.9,16.75,16.65,16.51,16.38,16.25,16.14,16.04,15.92,15.8,15.68,15.57,15.52,15.42,15.32,15.28,15.19,15.12,14.98,14.88,14.74,14.61,14.5,14.41,14.35,14.27,14.28,14.2,14.19,14.15,14.12,14.09,14.06,14.07,14.01,13.98,13.9,13.89,13.85,13.77,13.77,13.74,13.74,13.73,13.68,13.69,13.63,13.59,,,,,,,,,,,,,,,,,,,,,,,,,,,,,,,,,,,,,,,,,,,,,,,,,,,,,,,,,,,,,,,,,,,,,,,,,,,,,,,,,,,,,,,,,,,,,,,,,,,,,,,,,,,,,,,,,,,,,,,,,,,,,,,,,,,,,,,
46,7/14/21,4:15:37 PM,W-039-5,Normal,MA|30|150|5|0.075,12.89,0.53,0.052679,29,36.9,0.658,203854,0.73,-0.084202,SOS|-93.66|0.0,0.45,96,0.51,13.94,14.41,14.96,15.57,16.25,16.91,17.42,17.98,18.54,19.1,19.58,20.05,20.5,20.9,21.22,21.52,21.77,21.92,22.01,22.05,22.05,21.99,21.9,21.79,21.65,21.41,21.2,20.93,20.72,20.46,20.21,20,19.83,19.6,19.33,19.09,18.83,18.65,18.38,18.22,18,17.82,17.63,17.42,17.26,17.04,16.91,16.71,16.53,16.34,16.15,16.06,15.88,15.72,15.59,15.46,15.33,15.13,15.02,14.91,14.8,14.68,14.57,14.46,14.38,14.28,14.22,14.15,14.07,14.03,13.97,13.92,13.83,13.79,13.74,13.68,13.58,13.55,13.49,13.39,13.35,13.25,13.22,13.13,13.08,13.07,13.02,13,12.92,12.89,12.86,12.86,12.85,12.83,12.86,12.82,,,,,,,,,,,,,,,,,,,,,,,,,,,,,,,,,,,,,,,,,,,,,,,,,,,,,,,,,,,,,,,,,,,,,,,,,,,,,,,,,,,,,,,,,,,,,,,,,,,,,,,,,,,,,,,,,,,,,,,,,,,,,,,,,,,,,,,,,,,,
47,7/14/21,4:18:42 PM,M-08-1,Normal,MA|30|150|5|0.075,13.55,0.55,1.19E-02,27.7,38.3,0.672,203854,0.73,-0.084202,SOS|-93.66|0.0,0.45,76,0.51,2.43,2.49,2.64,2.88,3.29,3.88,4.62,5.45,6.44,7.43,8.47,9.47,10.46,11.33,12.14,12.89,13.53,14.06,14.48,14.92,15.23,15.55,15.78,15.97,16.12,16.2,16.26,16.23,16.27,16.26,16.19,16.2,16.21,16.2,16.11,16.12,15.97,15.82,15.66,15.58,15.52,15.44,15.34,15.25,15.16,15.07,14.94,14.86,14.79,14.7,14.61,14.52,14.46,14.35,14.3,14.23,14.2,14.17,14.13,14.08,14.04,13.99,13.94,13.89,13.8,13.74,13.67,13.65,13.58,13.51,13.53,13.56,13.56,13.49,13.46,13.45,,,,,,,,,,,,,,,,,,,,,,,,,,,,,,,,,,,,,,,,,,,,,,,,,,,,,,,,,,,,,,,,,,,,,,,,,,,,,,,,,,,,,,,,,,,,,,,,,,,,,,,,,,,,,,,,,,,,,,,,,,,,,,,,,,,,,,,,,,,,,,,,,,,,,,,,,,,,,,,,
48,7/14/21,4:19:39 PM,M-08-2,Normal,MA|30|150|5|0.075,12.63,0.55,4.79E-02,27.5,38.4,0.682,203854,0.73,-0.084202,SOS|-93.66|0.0,0.45,94,0.51,14.36,14.98,15.68,16.38,17.04,17.61,17.98,18.44,18.88,19.3,19.65,19.95,20.28,20.51,20.8,21,21.11,21.27,21.29,21.32,21.19,21.04,20.95,20.74,20.59,20.43,20.24,20.08,19.83,19.62,19.33,19.06,18.84,18.61,18.33,18.09,17.86,17.67,17.42,17.14,16.97,16.75,16.58,16.35,16.17,16.02,15.86,15.73,15.55,15.37,15.22,15.05,14.88,14.7,14.57,14.46,14.4,14.28,14.17,14.11,14.02,13.98,13.83,13.77,13.74,13.62,13.57,13.49,13.41,13.42,13.36,13.36,13.3,13.23,13.22,13.14,13.06,12.99,12.97,12.9,12.89,12.87,12.84,12.83,12.75,12.76,12.65,12.61,12.61,12.55,12.59,12.58,12.62,12.59,,,,,,,,,,,,,,,,,,,,,,,,,,,,,,,,,,,,,,,,,,,,,,,,,,,,,,,,,,,,,,,,,,,,,,,,,,,,,,,,,,,,,,,,,,,,,,,,,,,,,,,,,,,,,,,,,,,,,,,,,,,,,,,,,,,,,,,,,,,,,,
49,7/14/21,4:20:43 PM,M-08-3,Normal,MA|30|150|5|0.075,8.87,0.84,7.15E-02,27.2,38.5,0.691,203854,0.73,-0.084202,SOS|-93.66|0.0,0.45,111,0.51,13.11,13.62,14.21,14.86,15.5,16.11,16.52,17,17.48,17.93,18.4,18.8,19.19,19.47,19.66,19.83,19.89,19.9,19.84,19.74,19.64,19.47,19.3,19.06,18.84,18.61,18.36,18.13,17.89,17.63,17.38,17.13,16.93,16.67,16.42,16.2,15.97,15.78,15.52,15.3,15.07,14.83,14.64,14.4,14.21,14.03,13.85,13.7,13.54,13.36,13.21,13.04,12.92,12.79,12.63,12.53,12.45,12.36,12.24,12.1,11.97,11.91,11.76,11.63,11.52,11.48,11.39,11.3,11.2,11.06,10.99,10.9,10.82,10.68,10.63,10.58,10.51,10.42,10.36,10.31,10.19,10.15,10.04,9.98,9.88,9.83,9.79,9.67,9.64,9.58,9.56,9.5,9.47,9.46,9.39,9.34,9.3,9.21,9.16,9.14,9.08,9.03,8.94,8.92,8.86,8.83,8.83,8.79,8.82,8.82,8.82,,,,,,,,,,,,,,,,,,,,,,,,,,,,,,,,,,,,,,,,,,,,,,,,,,,,,,,,,,,,,,,,,,,,,,,,,,,,,,,,,,,,,,,,,,,,,,,,,,,,,,,,,,,,,,,,,,,,,,,,,,,,,
50,7/14/21,4:22:19 PM,M-08-4,Normal,MA|30|150|5|0.075,9.88,0.7,7.89E-02,27,38.9,0.707,203854,0.73,-0.084202,SOS|-93.66|0.0,0.45,116,0.51,20.24,20.03,19.87,19.93,20.09,20.28,20.44,20.61,20.85,21.03,21.2,21.41,21.54,21.7,21.74,21.75,21.71,21.57,21.4,21.22,21.03,20.75,20.49,20.25,19.99,19.7,19.38,19.13,18.86,18.54,18.3,17.99,17.74,17.47,17.2,16.97,16.71,16.5,16.26,16.02,15.79,15.6,15.36,15.17,15,14.81,14.68,14.5,14.38,14.23,14.09,13.94,13.74,13.58,13.41,13.24,13.06,12.94,12.84,12.75,12.64,12.52,12.47,12.38,12.35,12.25,12.16,12.1,12,11.92,11.84,11.76,11.67,11.58,11.51,11.47,11.39,11.36,11.31,11.26,11.17,11.11,11.08,11.01,11.01,11,10.96,10.93,10.85,10.84,10.74,10.7,10.72,10.66,10.57,10.51,10.54,10.48,10.46,10.44,10.45,10.41,10.33,10.29,10.19,10.12,10.01,9.96,9.9,9.87,9.88,9.85,9.87,9.86,9.83,9.75,,,,,,,,,,,,,,,,,,,,,,,,,,,,,,,,,,,,,,,,,,,,,,,,,,,,,,,,,,,,,,,,,,,,,,,,,,,,,,,,,,,,,,,,,,,,,,,,,,,,,,,,,,,,,,,,,,,,,,,,
51,7/14/21,4:23:44 PM,M-08-5,Normal,MA|30|150|5|0.075,7.71,0.83,0.1033306,26.7,38.9,0.718,203854,0.73,-0.084202,SOS|-93.66|0.0,0.45,143,0.51,14.26,15.17,15.98,16.59,17.15,17.53,17.8,18.19,18.53,18.97,19.32,19.73,20.13,20.53,20.89,21.18,21.35,21.53,21.58,21.54,21.47,21.3,21.19,20.93,20.69,20.42,20.14,19.83,19.49,19.17,18.87,18.57,18.25,17.97,17.66,17.4,17.07,16.8,16.53,16.23,15.98,15.72,15.5,15.22,15,14.81,14.6,14.41,14.21,14.09,13.88,13.71,13.52,13.32,13.13,12.9,12.74,12.55,12.4,12.24,12.11,12,11.92,11.84,11.72,11.67,11.58,11.5,11.41,11.34,11.27,11.17,11.14,11.07,10.97,10.84,10.75,10.68,10.55,10.48,10.44,10.37,10.3,10.24,10.17,10.16,10.05,10.03,9.99,9.9,9.87,9.75,9.67,9.58,9.58,9.53,9.45,9.43,9.39,9.31,9.21,9.18,9.12,9.09,9.04,9.04,8.97,8.93,8.88,8.82,8.82,8.76,8.75,8.7,8.69,8.63,8.54,8.51,8.44,8.36,8.31,8.28,8.23,8.2,8.22,8.23,8.18,8.13,8.09,8.03,7.99,7.93,7.88,7.84,7.79,7.76,7.67,7.66,7.7,7.65,7.7,7.68,7.67,,,,,,,,,,,,,,,,,,,,,,,,,,,,,,,,,,,,,,,,,,,,,,,,,,,,,,,,,,,,,,,,,,,,,,,,,,,,,,,,,,,,,,,,,,,,,
52,7/14/21,4:27:27 PM,M-10-1,Normal,MA|30|150|5|0.075,15.58,0.47,2.46E-02,27.3,40.1,0.732,203854,0.73,-6.45E-02,SOS|-93.66|0.0,0.45,105,0.51,0,0.13,0.33,0.65,1.11,1.8,2.7,3.71,4.76,5.79,6.96,8.17,9.27,10.32,11.37,12.47,13.43,14.28,14.98,15.72,16.4,16.93,17.42,17.86,18.32,18.63,18.9,19.16,19.35,19.49,19.6,19.68,19.77,19.77,19.79,19.78,19.72,19.74,19.68,19.62,19.54,19.46,19.42,19.29,19.18,19.09,18.99,18.93,18.86,18.7,18.64,18.52,18.42,18.33,18.23,18.12,17.97,17.89,17.75,17.63,17.51,17.46,17.43,17.34,17.32,17.25,17.23,17.17,17.11,17.04,16.95,16.91,16.8,16.8,16.77,16.74,16.7,16.64,16.61,16.52,16.41,16.37,16.35,16.27,16.28,16.23,16.19,16.14,16.1,16.05,16.02,15.97,15.94,15.86,15.81,15.75,15.65,15.63,15.59,15.54,15.53,15.53,15.55,15.55,15.52,,,,,,,,,,,,,,,,,,,,,,,,,,,,,,,,,,,,,,,,,,,,,,,,,,,,,,,,,,,,,,,,,,,,,,,,,,,,,,,,,,,,,,,,,,,,,,,,,,,,,,,,,,,,,,,,,,,,,,,,,,,,,,,,,,,
53,7/14/21,4:28:36 PM,M-10-2,Normal,MA|30|150|5|0.075,13.91,0.53,7.94E-02,27.6,38.9,0.745,203854,0.73,-6.45E-02,SOS|-93.66|0.0,0.45,119,0.51,16.62,17.33,18.04,18.72,19.4,19.89,20.25,20.76,21.29,21.77,22.27,22.76,23.31,23.75,24.18,24.53,24.78,25.03,25.07,25.09,25.04,24.94,24.83,24.65,24.46,24.28,24.03,23.78,23.56,23.31,23.13,22.9,22.66,22.46,22.26,22.1,21.9,21.71,21.56,21.42,21.23,21.06,20.92,20.76,20.59,20.41,20.27,20.11,19.9,19.76,19.61,19.48,19.28,19.1,18.97,18.83,18.63,18.46,18.3,18.12,17.93,17.73,17.58,17.42,17.28,17.16,17.07,16.95,16.85,16.75,16.64,16.51,16.4,16.28,16.17,16.06,15.94,15.84,15.77,15.71,15.68,15.62,15.61,15.58,15.51,15.42,15.34,15.27,15.19,15.11,15.07,15.05,14.99,14.93,14.87,14.82,14.73,14.61,14.59,14.57,14.51,14.48,14.44,14.41,14.3,14.23,14.19,14.09,14.07,14.02,14,13.97,13.9,13.92,13.91,13.89,13.87,13.81,13.81,,,,,,,,,,,,,,,,,,,,,,,,,,,,,,,,,,,,,,,,,,,,,,,,,,,,,,,,,,,,,,,,,,,,,,,,,,,,,,,,,,,,,,,,,,,,,,,,,,,,,,,,,,,,,,,,,,,,,
54,7/14/21,4:29:56 PM,M-10-3,Normal,MA|30|150|5|0.075,12.34,0.61,0.1036532,27.9,39.4,0.76,203854,0.73,-6.45E-02,SOS|-93.66|0.0,0.45,141,0.51,14.66,15.29,16.05,16.89,17.69,18.35,18.98,19.71,20.36,21.02,21.67,22.33,22.97,23.59,24.18,24.62,25.01,25.37,25.61,25.72,25.79,25.81,25.78,25.66,25.53,25.35,25.15,24.9,24.65,24.37,24.11,23.83,23.53,23.28,23.03,22.8,22.5,22.26,21.98,21.74,21.47,21.21,20.94,20.68,20.51,20.27,20.02,19.81,19.61,19.44,19.25,19.08,18.9,18.69,18.52,18.33,18.14,17.98,17.82,17.73,17.64,17.53,17.42,17.26,17.2,17.1,16.98,16.87,16.76,16.7,16.57,16.49,16.39,16.33,16.26,16.18,16.1,16,15.94,15.83,15.74,15.66,15.58,15.51,15.42,15.32,15.27,15.2,15.12,15.01,14.96,14.87,14.8,14.7,14.63,14.57,14.45,14.4,14.29,14.24,14.18,14.14,14.05,13.98,13.91,13.85,13.82,13.67,13.66,13.58,13.5,13.42,13.3,13.3,13.21,13.17,13.16,13.09,13.09,13.03,12.96,12.86,12.78,12.76,12.69,12.67,12.65,12.66,12.62,12.58,12.54,12.47,12.46,12.38,12.36,12.32,12.29,12.3,12.24,12.3,12.3,,,,,,,,,,,,,,,,,,,,,,,,,,,,,,,,,,,,,,,,,,,,,,,,,,,,,,,,,,,,,,,,,,,,,,,,,,,,,,,,,,,,,,,,,,,,,,,
55,7/14/21,4:31:04 PM,M-10-4,Normal,MA|30|150|5|0.075,17.55,0.41,0.06287,28.1,39.2,0.774,203854,0.73,-6.45E-02,SOS|-93.66|0.0,0.45,117,0.51,13.85,14.63,15.59,16.57,17.44,18.31,19.06,19.81,20.52,21.33,22.12,22.78,23.48,24.17,24.94,25.56,26.19,26.69,27.09,27.47,27.65,27.8,27.85,27.87,27.84,27.79,27.69,27.56,27.4,27.2,27.03,26.8,26.56,26.29,26,25.8,25.5,25.26,25.02,24.78,24.58,24.35,24.11,23.89,23.65,23.48,23.25,23.01,22.83,22.64,22.47,22.28,22.09,21.94,21.77,21.58,21.45,21.27,21.1,20.93,20.8,20.65,20.52,20.4,20.31,20.2,20.1,20,19.86,19.76,19.69,19.61,19.5,19.36,19.26,19.18,19.02,18.93,18.87,18.82,18.8,18.7,18.67,18.6,18.56,18.51,18.45,18.4,18.4,18.37,18.32,18.32,18.27,18.28,18.22,18.15,18.11,18.03,17.99,17.94,17.94,17.9,17.86,17.83,17.82,17.78,17.68,17.68,17.63,17.63,17.54,17.52,17.54,17.52,17.47,17.47,17.51,,,,,,,,,,,,,,,,,,,,,,,,,,,,,,,,,,,,,,,,,,,,,,,,,,,,,,,,,,,,,,,,,,,,,,,,,,,,,,,,,,,,,,,,,,,,,,,,,,,,,,,,,,,,,,,,,,,,,,,
56,7/14/21,4:32:25 PM,M-10-5,Normal,MA|30|150|5|0.075,19.12,0.39,6.76E-02,28.3,39.6,0.795,203854,0.73,-6.45E-02,SOS|-93.66|0.0,0.45,105,0.51,27.91,27.69,27.55,27.41,27.27,27.16,27.08,27.04,27.05,27.11,27.27,27.44,27.64,27.82,27.97,28.12,28.22,28.3,28.27,28.33,28.22,28.14,28.09,27.98,27.89,27.72,27.58,27.37,27.16,26.96,26.72,26.5,26.34,26.16,25.98,25.81,25.64,25.49,25.32,25.14,24.97,24.82,24.72,24.55,24.36,24.23,24.08,23.9,23.72,23.6,23.47,23.35,23.18,23.06,22.88,22.73,22.58,22.45,22.33,22.18,22.15,22.04,21.97,21.81,21.76,21.63,21.52,21.42,21.26,21.2,21.1,21.05,20.94,20.84,20.75,20.63,20.53,20.45,20.36,20.26,20.22,20.14,20.07,19.97,19.88,19.82,19.79,19.73,19.64,19.61,19.54,19.45,19.38,19.3,19.27,19.2,19.17,19.2,19.14,19.16,19.12,19.09,19.05,19.02,19,,,,,,,,,,,,,,,,,,,,,,,,,,,,,,,,,,,,,,,,,,,,,,,,,,,,,,,,,,,,,,,,,,,,,,,,,,,,,,,,,,,,,,,,,,,,,,,,,,,,,,,,,,,,,,,,,,,,,,,,,,,,,,,,,,,
57,7/14/21,4:36:22 PM,M-13-1,Normal,MA|30|150|5|0.075,17.07,0.36,0.2114858,28.8,38.5,0.842,203854,0.73,-6.45E-02,SOS|-93.66|0.0,0.45,236,0.51,3.48,3.53,3.95,4.55,5.29,6.34,7.54,8.95,10.38,11.81,13.21,14.71,16.25,17.71,19.1,20.49,21.92,23.34,24.53,25.73,26.85,27.89,28.87,29.66,30.45,31.08,31.66,32.16,32.58,32.92,33.19,33.38,33.58,33.71,33.81,33.89,33.9,33.94,33.97,33.92,33.83,33.72,33.61,33.5,33.36,33.23,33.07,32.94,32.81,32.69,32.54,32.36,32.25,32.11,31.95,31.77,31.61,31.46,31.3,31.11,31.02,30.84,30.66,30.51,30.32,30.18,29.93,29.8,29.63,29.44,29.35,29.19,29.04,28.86,28.68,28.54,28.32,28.14,27.99,27.83,27.7,27.52,27.33,27.18,27,26.84,26.65,26.5,26.33,26.17,26.03,25.88,25.7,25.54,25.43,25.29,25.15,24.96,24.85,24.71,24.57,24.44,24.24,24.17,24.06,23.94,23.79,23.65,23.56,23.4,23.26,23.14,23.04,22.96,22.83,22.75,22.67,22.56,22.51,22.39,22.37,22.25,22.17,22.11,22.03,21.97,21.89,21.88,21.81,21.8,21.72,21.67,21.58,21.46,21.4,21.33,21.25,21.21,21.15,21.15,21.08,21.04,21.02,20.93,20.93,20.89,20.9,20.83,20.76,20.8,20.73,20.7,20.66,20.63,20.63,20.54,20.48,20.43,20.37,20.36,20.32,20.28,20.31,20.24,20.17,20.07,20.01,19.92,19.89,19.84,19.82,19.84,19.76,19.75,19.65,19.6,19.56,19.49,19.45,19.39,19.3,19.3,19.27,19.19,19.17,19.13,19.14,19.04,18.97,18.92,18.83,18.76,18.68,18.64,18.59,18.53,18.49,18.43,18.37,18.31,18.21,18.18,18.16,18.16,18.11,18.03,18.02,17.98,17.95,17.91,17.87,17.88,17.81,17.74,17.67,17.59,17.55,17.45,17.47,17.48,17.42,17.43,17.39,17.39,17.34,17.26,17.2,17.13,17.12,17.03,17.01,17.03,17.05,17.06,17.02,17.06
58,7/14/21,4:37:19 PM,M-13-2,Normal,MA|30|150|5|0.075,13.82,0.46,7.18E-02,28.4,38.2,0.854,203854,0.73,-6.45E-02,SOS|-93.66|0.0,0.45,94,0.51,19,19.85,20.63,21.34,21.96,22.46,22.85,23.24,23.7,24.14,24.5,24.87,25.17,25.42,25.64,25.73,25.78,25.72,25.63,25.51,25.33,25.12,24.92,24.66,24.43,24.17,23.88,23.62,23.32,23.03,22.75,22.5,22.25,21.97,21.75,21.55,21.33,21.1,20.88,20.66,20.37,20.16,19.93,19.67,19.42,19.22,19.08,18.86,18.67,18.5,18.32,18.13,17.95,17.77,17.63,17.47,17.3,17.13,16.92,16.74,16.59,16.38,16.23,16.09,15.96,15.81,15.66,15.61,15.47,15.38,15.29,15.23,15.11,14.95,14.87,14.78,14.68,14.58,14.48,14.44,14.37,14.24,14.13,14.04,13.97,13.88,13.8,13.75,13.8,13.78,13.77,13.8,13.8,13.86,,,,,,,,,,,,,,,,,,,,,,,,,,,,,,,,,,,,,,,,,,,,,,,,,,,,,,,,,,,,,,,,,,,,,,,,,,,,,,,,,,,,,,,,,,,,,,,,,,,,,,,,,,,,,,,,,,,,,,,,,,,,,,,,,,,,,,,,,,,,,,
59,7/14/21,4:38:28 PM,M-13-3,Normal,MA|30|150|5|0.075,13.15,0.57,6.63E-02,28,38.5,0.866,203854,0.73,-6.45E-02,SOS|-93.66|0.0,0.45,118,0.51,15.99,16.78,17.61,18.41,19.1,19.72,20.14,20.64,21.11,21.55,21.97,22.29,22.63,22.89,23.13,23.3,23.38,23.4,23.33,23.16,22.99,22.78,22.62,22.43,22.22,22.02,21.81,21.61,21.35,21.07,20.84,20.64,20.41,20.13,19.88,19.68,19.5,19.28,19.06,18.87,18.69,18.47,18.25,18.09,17.95,17.82,17.68,17.53,17.38,17.15,17,16.83,16.71,16.6,16.49,16.45,16.37,16.32,16.23,16.18,16.1,16.09,15.99,15.89,15.85,15.79,15.73,15.66,15.6,15.54,15.46,15.37,15.29,15.16,15.05,14.99,14.92,14.83,14.73,14.68,14.62,14.57,14.51,14.45,14.38,14.28,14.24,14.12,13.99,13.92,13.93,13.88,13.84,13.8,13.79,13.77,13.71,13.72,13.69,13.67,13.65,13.59,13.54,13.45,13.43,13.38,13.33,13.32,13.28,13.27,13.2,13.16,13.11,13.11,13.11,13.11,13.06,13.13,,,,,,,,,,,,,,,,,,,,,,,,,,,,,,,,,,,,,,,,,,,,,,,,,,,,,,,,,,,,,,,,,,,,,,,,,,,,,,,,,,,,,,,,,,,,,,,,,,,,,,,,,,,,,,,,,,,,,,
60,7/14/21,4:39:27 PM,M-13-4,Normal,MA|30|150|5|0.075,12.89,0.54,5.82E-02,27.7,38.8,0.877,203854,0.73,-6.45E-02,SOS|-93.66|0.0,0.45,103,0.51,13.62,14.09,14.66,15.36,16.13,16.84,17.35,17.96,18.62,19.18,19.67,20.12,20.59,21.03,21.37,21.73,21.99,22.22,22.33,22.39,22.43,22.39,22.33,22.23,22.07,21.9,21.7,21.44,21.22,21.02,20.81,20.58,20.33,20.11,19.84,19.61,19.4,19.22,19.02,18.8,18.63,18.4,18.22,17.98,17.81,17.62,17.42,17.24,17.05,16.87,16.64,16.51,16.35,16.18,16.06,15.89,15.83,15.68,15.53,15.49,15.36,15.29,15.11,15.04,14.93,14.81,14.7,14.63,14.54,14.45,14.4,14.33,14.27,14.15,14.12,14.04,13.93,13.85,13.77,13.73,13.68,13.65,13.61,13.53,13.55,13.49,13.45,13.4,13.35,13.34,13.23,13.19,13.11,13.03,12.98,12.9,12.88,12.88,12.86,12.84,12.85,12.84,12.8,,,,,,,,,,,,,,,,,,,,,,,,,,,,,,,,,,,,,,,,,,,,,,,,,,,,,,,,,,,,,,,,,,,,,,,,,,,,,,,,,,,,,,,,,,,,,,,,,,,,,,,,,,,,,,,,,,,,,,,,,,,,,,,,,,,,,
61,7/14/21,4:40:43 PM,M-13-5,Normal,MA|30|150|5|0.075,11.3,0.56,8.05E-02,27.4,39,0.889,203854,0.73,-6.45E-02,SOS|-93.66|0.0,0.45,123,0.51,18.45,19.3,20.05,20.61,21.09,21.45,21.69,22.03,22.33,22.66,22.92,23.16,23.38,23.58,23.64,23.62,23.57,23.47,23.33,23.08,22.86,22.61,22.35,22.08,21.81,21.55,21.3,21.05,20.8,20.55,20.25,19.98,19.7,19.42,19.14,18.89,18.66,18.42,18.19,17.96,17.72,17.54,17.31,17.06,16.82,16.61,16.39,16.17,16.01,15.81,15.69,15.52,15.38,15.24,15.12,15.04,14.9,14.79,14.7,14.57,14.48,14.36,14.21,14.13,14.01,13.94,13.8,13.72,13.68,13.57,13.57,13.48,13.37,13.25,13.16,13.16,13.03,12.95,12.93,12.88,12.79,12.67,12.59,12.58,12.49,12.47,12.47,12.41,12.36,12.27,12.26,12.2,12.14,12.09,12.09,12.05,11.98,11.94,11.92,11.93,11.92,11.83,11.83,11.79,11.69,11.62,11.55,11.57,11.57,11.53,11.54,11.49,11.45,11.42,11.36,11.35,11.27,11.31,11.31,11.26,11.23,11.22,11.27,,,,,,,,,,,,,,,,,,,,,,,,,,,,,,,,,,,,,,,,,,,,,,,,,,,,,,,,,,,,,,,,,,,,,,,,,,,,,,,,,,,,,,,,,,,,,,,,,,,,,,,,,,,,,,,,,
62,7/14/21,4:44:05 PM,M-05-1,Normal,MA|30|150|5|0.075,10.12,0.73,5.24E-02,26.7,39.5,0.905,203854,0.73,-6.45E-02,SOS|-93.66|0.0,0.45,125,0.51,1.52,1.56,1.79,2.14,2.58,3.29,4.1,5.05,6.01,6.93,8.04,8.96,9.88,10.67,11.46,12.23,12.79,13.36,13.78,14.22,14.55,14.8,15.06,15.19,15.37,15.4,15.47,15.52,15.51,15.57,15.62,15.69,15.77,15.79,15.88,15.94,15.94,15.98,16.01,16,15.94,15.87,15.87,15.84,15.72,15.66,15.64,15.59,15.52,15.43,15.45,15.45,15.41,15.35,15.31,15.3,15.24,15.14,15.07,15,14.93,14.79,14.68,14.58,14.51,14.43,14.29,14.23,14.11,14.01,13.86,13.77,13.67,13.56,13.46,13.4,13.31,13.23,13.14,13.06,12.97,12.8,12.67,12.56,12.4,12.28,12.15,12.13,12.04,11.94,11.89,11.84,11.82,11.72,11.67,11.56,11.52,11.45,11.34,11.31,11.24,11.21,11.14,11.03,10.98,10.91,10.85,10.74,10.69,10.63,10.53,10.44,10.36,10.37,10.29,10.24,10.22,10.17,10.16,10.09,10.07,10.05,10.06,10.06,10.05,,,,,,,,,,,,,,,,,,,,,,,,,,,,,,,,,,,,,,,,,,,,,,,,,,,,,,,,,,,,,,,,,,,,,,,,,,,,,,,,,,,,,,,,,,,,,,,,,,,,,,,,,,,,,,,
63,7/14/21,4:45:15 PM,M-05-2,Normal,MA|30|150|5|0.075,8.01,0.77,7.99E-02,26.5,39.5,0.915,203854,0.73,-6.45E-02,SOS|-93.66|0.0,0.45,119,0.51,13,13.84,14.73,15.46,16.04,16.6,16.93,17.38,17.76,18.18,18.58,18.84,19.12,19.34,19.53,19.56,19.54,19.52,19.41,19.25,19.02,18.81,18.59,18.3,18.08,17.87,17.63,17.39,17.14,16.9,16.65,16.38,16.14,15.9,15.66,15.43,15.22,15.04,14.81,14.62,14.43,14.26,14.1,13.87,13.75,13.55,13.41,13.26,13.04,12.9,12.74,12.62,12.49,12.33,12.23,12.11,12.02,11.92,11.76,11.65,11.56,11.45,11.31,11.23,11.17,11.12,11.01,10.94,10.85,10.73,10.71,10.6,10.56,10.48,10.46,10.41,10.36,10.31,10.24,10.18,10.07,10.02,9.92,9.84,9.78,9.72,9.62,9.54,9.47,9.38,9.3,9.22,9.2,9.14,9.07,9,8.93,8.87,8.81,8.73,8.66,8.59,8.54,8.5,8.43,8.4,8.31,8.29,8.21,8.15,8.07,8.04,8,8,7.98,7.98,7.99,7.94,7.95,,,,,,,,,,,,,,,,,,,,,,,,,,,,,,,,,,,,,,,,,,,,,,,,,,,,,,,,,,,,,,,,,,,,,,,,,,,,,,,,,,,,,,,,,,,,,,,,,,,,,,,,,,,,,,,,,,,,,
64,7/14/21,4:46:11 PM,M-05-3,Normal,MA|30|150|5|0.075,8.32,0.85,5.00E-02,26.6,41.6,0.921,203854,0.73,-6.45E-02,SOS|-93.66|0.0,0.45,97,0.51,8.43,8.8,9.36,9.95,10.65,11.36,11.98,12.64,13.24,13.95,14.57,15.13,15.63,16.05,16.47,16.74,16.98,17.09,17.14,17.19,17.13,17.05,16.9,16.75,16.59,16.36,16.18,15.96,15.72,15.54,15.33,15.14,14.91,14.69,14.46,14.24,14.02,13.83,13.63,13.43,13.23,13.03,12.86,12.64,12.46,12.27,12.11,11.89,11.75,11.61,11.44,11.31,11.23,11.11,10.95,10.83,10.73,10.58,10.41,10.32,10.25,10.15,10.08,10.06,10,9.88,9.78,9.71,9.59,9.49,9.38,9.36,9.29,9.24,9.2,9.12,9.11,9.03,8.94,8.86,8.81,8.81,8.73,8.7,8.68,8.62,8.56,8.46,8.42,8.33,8.31,8.28,8.27,8.29,8.26,8.28,8.25,,,,,,,,,,,,,,,,,,,,,,,,,,,,,,,,,,,,,,,,,,,,,,,,,,,,,,,,,,,,,,,,,,,,,,,,,,,,,,,,,,,,,,,,,,,,,,,,,,,,,,,,,,,,,,,,,,,,,,,,,,,,,,,,,,,,,,,,,,,
65,7/14/21,4:47:42 PM,M-05-4,Normal,MA|30|150|5|0.075,11.3,0.44,0.1238514,27.3,40.3,0.939,203854,0.73,-6.45E-02,SOS|-93.66|0.0,0.45,120,0.51,25.58,25.62,25.6,25.51,25.44,25.34,25.25,25.15,25.11,25.13,25.11,25.21,25.32,25.44,25.55,25.71,25.85,25.97,26.09,26.16,26.16,26.1,26.04,25.94,25.78,25.7,25.57,25.46,25.29,25.11,24.96,24.76,24.54,24.35,24.13,23.89,23.61,23.3,23.05,22.71,22.4,22.18,21.89,21.62,21.36,21.1,20.91,20.63,20.38,20.18,19.94,19.71,19.47,19.24,19.05,18.79,18.62,18.46,18.23,18.07,17.89,17.73,17.51,17.32,17.17,16.95,16.75,16.58,16.39,16.24,16.07,15.95,15.79,15.59,15.44,15.28,15.08,14.92,14.8,14.65,14.49,14.33,14.17,14.01,13.85,13.7,13.63,13.48,13.39,13.28,13.12,13.08,12.96,12.91,12.84,12.68,12.61,12.47,12.38,12.3,12.2,12.16,12.11,12.06,11.96,11.85,11.76,11.69,11.58,11.49,11.4,11.35,11.32,11.27,11.26,11.25,11.27,11.26,11.29,11.34,,,,,,,,,,,,,,,,,,,,,,,,,,,,,,,,,,,,,,,,,,,,,,,,,,,,,,,,,,,,,,,,,,,,,,,,,,,,,,,,,,,,,,,,,,,,,,,,,,,,,,,,,,,,,,,,,,,,
66,7/14/21,4:48:35 PM,M-05-5,Normal,MA|30|150|5|0.075,12.58,0.47,5.48E-02,27.6,40.2,0.948,203854,0.73,-6.45E-02,SOS|-93.66|0.0,0.45,85,0.51,14.72,15.56,16.36,16.99,17.57,17.98,18.37,18.79,19.19,19.61,19.97,20.42,20.79,21.16,21.46,21.68,21.9,22.01,22.06,22.1,22.07,22.05,21.95,21.83,21.69,21.5,21.31,21.07,20.86,20.62,20.39,20.18,19.91,19.66,19.42,19.17,18.94,18.65,18.44,18.25,17.98,17.74,17.45,17.24,16.99,16.74,16.54,16.31,16.17,16.01,15.84,15.63,15.49,15.32,15.16,14.98,14.86,14.74,14.57,14.47,14.33,14.21,14.08,13.97,13.88,13.72,13.6,13.51,13.34,13.21,13.12,13.05,12.95,12.83,12.8,12.71,12.62,12.59,12.57,12.57,12.53,12.57,12.57,12.54,12.49,,,,,,,,,,,,,,,,,,,,,,,,,,,,,,,,,,,,,,,,,,,,,,,,,,,,,,,,,,,,,,,,,,,,,,,,,,,,,,,,,,,,,,,,,,,,,,,,,,,,,,,,,,,,,,,,,,,,,,,,,,,,,,,,,,,,,,,,,,,,,,,,,,,,,,,
67,7/14/21,4:51:38 PM,F-12-1,Normal,MA|30|150|5|0.075,11.14,0.6,8.42E-02,28.2,38.7,0.967,203854,0.73,-6.45E-02,SOS|-93.66|0.0,0.45,136,0.51,2.06,2.06,2.21,2.51,2.91,3.54,4.42,5.56,6.89,8.19,9.56,10.89,12.2,13.44,14.57,15.57,16.53,17.44,18.21,18.87,19.4,19.96,20.39,20.76,21.04,21.28,21.49,21.66,21.75,21.8,21.83,21.81,21.8,21.74,21.68,21.57,21.47,21.38,21.21,21.07,20.91,20.78,20.55,20.38,20.18,20.01,19.84,19.63,19.48,19.26,19.12,18.9,18.7,18.5,18.3,18.14,17.91,17.74,17.58,17.43,17.28,17.1,16.96,16.82,16.67,16.55,16.44,16.34,16.21,16.09,15.95,15.8,15.68,15.54,15.49,15.39,15.31,15.21,15.08,15.02,14.88,14.77,14.64,14.58,14.48,14.38,14.32,14.22,14.17,14.1,14.03,13.92,13.8,13.73,13.67,13.58,13.47,13.38,13.33,13.26,13.18,13.06,13.03,12.96,12.85,12.75,12.63,12.56,12.46,12.36,12.31,12.24,12.17,12.12,12.09,12.05,11.95,11.89,11.81,11.7,11.61,11.56,11.48,11.44,11.4,11.35,11.3,11.21,11.14,11.11,11.11,11.1,11.08,11.12,11.16,11.11,,,,,,,,,,,,,,,,,,,,,,,,,,,,,,,,,,,,,,,,,,,,,,,,,,,,,,,,,,,,,,,,,,,,,,,,,,,,,,,,,,,,,,,,,,,,,,,,,,,,
68,7/14/21,4:53:04 PM,F-12-2,Normal,MA|30|150|5|0.075,14.25,0.51,0.1132485,28.5,38.5,0.985,203854,0.73,-6.45E-02,SOS|-93.66|0.0,0.45,146,0.51,18.38,19.71,20.92,21.84,22.72,23.33,23.79,24.34,24.92,25.48,25.96,26.46,26.89,27.33,27.63,27.89,28.06,28.18,28.25,28.23,28.25,28.19,28.1,28.02,27.88,27.73,27.53,27.36,27.16,26.88,26.6,26.36,26.1,25.78,25.48,25.25,25.04,24.78,24.51,24.29,24.05,23.81,23.56,23.32,23.09,22.91,22.65,22.45,22.24,22.01,21.85,21.66,21.51,21.31,21.13,20.99,20.83,20.6,20.43,20.27,20.1,19.91,19.66,19.5,19.35,19.18,19.02,18.87,18.74,18.63,18.45,18.34,18.2,18.07,17.98,17.8,17.74,17.59,17.51,17.42,17.31,17.23,17.13,17,16.92,16.86,16.78,16.73,16.62,16.58,16.5,16.39,16.29,16.2,16.15,16.06,16.01,15.98,15.94,15.92,15.85,15.81,15.8,15.76,15.72,15.7,15.69,15.64,15.51,15.45,15.43,15.37,15.3,15.29,15.28,15.21,15.19,15.15,15.08,15.08,15.04,15.01,14.91,14.84,14.85,14.77,14.72,14.72,14.72,14.63,14.57,14.49,14.47,14.42,14.36,14.4,14.35,14.35,14.34,14.27,14.26,14.22,14.18,14.19,14.19,14.18,,,,,,,,,,,,,,,,,,,,,,,,,,,,,,,,,,,,,,,,,,,,,,,,,,,,,,,,,,,,,,,,,,,,,,,,,,,,,,,,,,,,,,,,,,
69,7/14/21,4:54:24 PM,F-12-3,Normal,MA|30|150|5|0.075,12.79,0.51,8.76E-02,28.7,37.7,0.999,203854,0.73,-6.45E-02,SOS|-93.66|0.0,0.45,144,0.51,14.55,15.03,15.69,16.4,17.12,17.74,18.26,18.8,19.35,19.95,20.53,21.17,21.66,22.16,22.56,22.92,23.21,23.41,23.53,23.68,23.73,23.75,23.71,23.63,23.53,23.33,23.2,23,22.78,22.59,22.41,22.25,22.05,21.89,21.72,21.48,21.26,21.02,20.83,20.59,20.36,20.16,19.98,19.82,19.61,19.41,19.22,19.06,18.9,18.73,18.65,18.52,18.43,18.27,18.14,18,17.79,17.7,17.55,17.42,17.34,17.23,17.15,17.03,16.93,16.86,16.72,16.65,16.56,16.5,16.43,16.36,16.3,16.23,16.15,16.05,16,15.91,15.87,15.74,15.7,15.57,15.52,15.46,15.37,15.31,15.23,15.22,15.11,15.04,15,14.95,14.86,14.86,14.8,14.75,14.68,14.63,14.61,14.54,14.48,14.47,14.41,14.38,14.32,14.22,14.17,14.08,14.02,13.95,13.87,13.8,13.8,13.74,13.72,13.7,13.66,13.62,13.55,13.5,13.45,13.39,13.35,13.33,13.26,13.25,13.21,13.14,13.16,13.15,13.13,13.08,13.04,13.04,12.94,12.85,12.81,12.8,12.76,12.71,12.74,12.77,12.77,12.74,,,,,,,,,,,,,,,,,,,,,,,,,,,,,,,,,,,,,,,,,,,,,,,,,,,,,,,,,,,,,,,,,,,,,,,,,,,,,,,,,,,,,,,,,,,,
70,7/14/21,4:56:05 PM,F-12-4,Normal,MA|30|150|5|0.075,8.94,0.73,0.1522598,28.9,39.2,1.015,203854,0.73,-6.45E-02,SOS|-93.66|0.0,0.45,180,0.51,14.51,15.38,16.29,17.13,17.74,18.37,18.8,19.35,19.86,20.4,20.99,21.47,21.95,22.33,22.73,22.99,23.18,23.34,23.42,23.45,23.42,23.39,23.29,23.15,23.02,22.86,22.68,22.4,22.23,21.99,21.73,21.5,21.26,21.06,20.82,20.59,20.4,20.17,19.97,19.81,19.62,19.41,19.21,19.02,18.83,18.58,18.4,18.21,18.05,17.87,17.72,17.57,17.41,17.29,17.12,17,16.84,16.77,16.64,16.53,16.41,16.31,16.27,16.15,16.07,15.93,15.85,15.75,15.66,15.56,15.47,15.41,15.31,15.22,15.11,15.03,14.97,14.89,14.76,14.71,14.65,14.61,14.55,14.51,14.54,14.52,14.48,14.45,14.38,14.41,14.35,14.31,14.24,14.17,14.13,14.02,13.94,13.83,13.76,13.63,13.53,13.47,13.4,13.35,13.34,13.32,13.32,13.26,13.23,13.23,13.16,13.18,13.12,12.99,12.96,12.83,12.78,12.66,12.56,12.52,12.4,12.34,12.21,12.15,12.04,11.94,11.86,11.76,11.66,11.53,11.44,11.35,11.28,11.17,11.12,11.03,10.99,10.93,10.88,10.83,10.72,10.66,10.59,10.5,10.43,10.38,10.33,10.27,10.17,10.09,10.07,9.96,9.94,9.87,9.82,9.76,9.62,9.57,9.49,9.45,9.44,9.39,9.39,9.34,9.34,9.33,9.26,9.28,9.21,9.18,9.1,9,8.97,8.9,8.9,8.9,8.88,8.91,8.92,8.92,,,,,,,,,,,,,,,,,,,,,,,,,,,,,,,,,,,,,,,,,,,,,,,,,,,,,,,,
71,7/14/21,4:57:19 PM,F-12-5,Normal,MA|30|150|5|0.075,8.36,0.73,8.00E-02,28.4,38.3,1.024,203854,0.73,-6.45E-02,SOS|-93.66|0.0,0.45,128,0.51,10.23,11.14,12.15,13.22,14.18,15.01,15.77,16.54,17.27,17.96,18.57,19.12,19.5,19.84,20.1,20.23,20.33,20.3,20.25,20.13,19.99,19.8,19.54,19.37,19.14,18.9,18.58,18.31,18.09,17.79,17.52,17.21,16.96,16.67,16.41,16.1,15.81,15.56,15.33,15.11,14.89,14.7,14.5,14.28,14.08,13.91,13.73,13.57,13.41,13.29,13.15,12.97,12.8,12.68,12.57,12.45,12.33,12.26,12.16,12.04,11.9,11.78,11.67,11.58,11.43,11.36,11.3,11.21,11.13,11.01,10.99,10.88,10.8,10.72,10.67,10.65,10.57,10.52,10.45,10.39,10.33,10.24,10.19,10.12,10.1,10.11,10.06,10.01,9.94,9.88,9.77,9.68,9.63,9.6,9.6,9.57,9.56,9.5,9.43,9.41,9.36,9.32,9.29,9.28,9.25,9.14,9.09,9.07,8.97,8.9,8.89,8.85,8.81,8.72,8.7,8.62,8.56,8.55,8.46,8.44,8.4,8.36,8.36,8.28,8.33,8.29,8.31,8.31,,,,,,,,,,,,,,,,,,,,,,,,,,,,,,,,,,,,,,,,,,,,,,,,,,,,,,,,,,,,,,,,,,,,,,,,,,,,,,,,,,,,,,,,,,,,,,,,,,,,,,,,,,,,
72,7/14/21,5:00:11 PM,M-01-1,Normal,MA|30|150|5|0.075,13.7,0.55,4.34E-02,27.4,39.7,1.042,203854,0.73,-6.45E-02,SOS|-93.66|0.0,0.45,119,0.51,2.67,2.67,2.72,2.95,3.35,3.94,4.65,5.56,6.51,7.63,8.73,9.78,10.82,11.87,12.99,13.9,14.82,15.66,16.48,17.21,17.8,18.25,18.65,19.05,19.36,19.58,19.72,19.9,20,20.04,20.07,20.09,20.08,20.05,19.98,19.92,19.82,19.72,19.59,19.49,19.38,19.23,19.15,19.02,18.93,18.82,18.71,18.6,18.45,18.33,18.19,18.05,17.98,17.88,17.76,17.66,17.6,17.51,17.38,17.27,17.17,17.06,16.96,16.85,16.74,16.63,16.55,16.47,16.37,16.27,16.22,16.16,16.09,16.03,15.92,15.88,15.78,15.69,15.57,15.55,15.49,15.43,15.36,15.33,15.28,15.15,15.07,14.92,14.87,14.74,14.73,14.71,14.65,14.66,14.59,14.59,14.48,14.36,14.32,14.25,14.22,14.14,14.14,14.13,14.1,14.07,14.01,14.01,13.92,13.85,13.8,13.73,13.7,13.64,13.63,13.65,13.65,13.65,13.64,,,,,,,,,,,,,,,,,,,,,,,,,,,,,,,,,,,,,,,,,,,,,,,,,,,,,,,,,,,,,,,,,,,,,,,,,,,,,,,,,,,,,,,,,,,,,,,,,,,,,,,,,,,,,,,,,,,,,
73,7/14/21,5:01:33 PM,M-01-2,Normal,MA|30|150|5|0.075,10.94,0.49,9.41E-02,27.2,39.6,1.055,203854,0.73,-6.45E-02,SOS|-93.66|0.0,0.45,137,0.51,18.53,19.42,20.14,20.72,21.2,21.58,21.91,22.26,22.6,22.88,23.13,23.3,23.47,23.58,23.61,23.63,23.6,23.5,23.35,23.2,23.03,22.8,22.57,22.37,22.13,21.85,21.6,21.36,21.12,20.86,20.61,20.36,20.13,19.9,19.67,19.47,19.22,19.04,18.81,18.61,18.4,18.19,18.03,17.84,17.7,17.5,17.36,17.19,17.07,16.88,16.75,16.6,16.45,16.31,16.15,16.06,15.88,15.73,15.64,15.48,15.33,15.21,15.1,15.06,14.91,14.81,14.71,14.53,14.41,14.23,14.09,13.98,13.9,13.84,13.69,13.61,13.51,13.45,13.34,13.22,13.25,13.17,13.12,13.01,12.96,12.9,12.78,12.69,12.64,12.62,12.57,12.47,12.41,12.39,12.3,12.23,12.17,12.19,12.17,12.13,12.11,12.08,11.97,11.95,11.9,11.87,11.83,11.82,11.88,11.81,11.74,11.68,11.63,11.56,11.49,11.46,11.44,11.42,11.4,11.36,11.32,11.27,11.27,11.2,11.21,11.14,11.12,11.06,10.97,10.99,10.91,10.92,10.89,10.91,10.9,10.9,10.94,,,,,,,,,,,,,,,,,,,,,,,,,,,,,,,,,,,,,,,,,,,,,,,,,,,,,,,,,,,,,,,,,,,,,,,,,,,,,,,,,,,,,,,,,,,,,,,,,,,
74,7/14/21,5:02:39 PM,M-01-3,Normal,MA|30|150|5|0.075,11.35,0.6,6.01E-02,27,39.5,1.065,203854,0.73,-6.45E-02,SOS|-93.66|0.0,0.45,112,0.51,13.5,14.36,15.14,15.88,16.55,17.07,17.51,17.89,18.31,18.74,19.09,19.41,19.68,19.88,20.05,20.18,20.24,20.22,20.16,20.15,20.07,19.93,19.8,19.7,19.5,19.32,19.11,18.97,18.77,18.59,18.45,18.25,18.1,17.89,17.66,17.46,17.29,17.07,16.89,16.71,16.6,16.4,16.24,16.12,15.97,15.81,15.66,15.54,15.41,15.29,15.16,15.08,14.96,14.85,14.75,14.64,14.54,14.38,14.26,14.18,14.07,14.01,13.92,13.83,13.71,13.57,13.48,13.38,13.31,13.22,13.16,13.1,12.99,12.9,12.81,12.77,12.72,12.69,12.64,12.56,12.49,12.38,12.33,12.26,12.23,12.17,12.12,12.12,12.05,12.01,11.94,11.96,11.93,11.89,11.91,11.85,11.86,11.77,11.73,11.65,11.58,11.57,11.48,11.45,11.37,11.37,11.34,11.3,11.33,11.31,11.31,11.26,,,,,,,,,,,,,,,,,,,,,,,,,,,,,,,,,,,,,,,,,,,,,,,,,,,,,,,,,,,,,,,,,,,,,,,,,,,,,,,,,,,,,,,,,,,,,,,,,,,,,,,,,,,,,,,,,,,,,,,,,,,,
75,7/14/21,5:03:48 PM,M-01-4,Normal,MA|30|150|5|0.075,9.39,0.79,6.63E-02,26.8,39.6,1.075,203854,0.73,-6.45E-02,SOS|-93.66|0.0,0.45,121,0.51,11.93,12.43,13.05,13.79,14.45,14.96,15.44,15.97,16.49,16.94,17.37,17.77,18.12,18.37,18.54,18.7,18.8,18.82,18.79,18.79,18.72,18.62,18.47,18.33,18.17,17.98,17.77,17.54,17.33,17.14,16.97,16.7,16.48,16.25,16.07,15.88,15.62,15.48,15.3,15.15,14.95,14.74,14.57,14.42,14.3,14.11,13.98,13.92,13.77,13.61,13.46,13.4,13.29,13.18,13.11,13.02,12.94,12.81,12.7,12.55,12.39,12.29,12.21,12.11,12.02,11.94,11.94,11.89,11.8,11.73,11.66,11.56,11.48,11.35,11.26,11.2,11.16,11.14,11.1,11.05,11,10.96,10.86,10.83,10.78,10.74,10.7,10.64,10.64,10.54,10.44,10.39,10.37,10.32,10.27,10.23,10.21,10.15,10.1,10.02,9.94,9.89,9.82,9.81,9.76,9.74,9.69,9.71,9.67,9.59,9.56,9.51,9.5,9.4,9.41,9.42,9.37,9.35,9.32,9.34,9.28,,,,,,,,,,,,,,,,,,,,,,,,,,,,,,,,,,,,,,,,,,,,,,,,,,,,,,,,,,,,,,,,,,,,,,,,,,,,,,,,,,,,,,,,,,,,,,,,,,,,,,,,,,,,,,,,,,,
76,7/14/21,5:04:57 PM,M-01-5,Normal,MA|30|150|5|0.075,8.9,0.78,6.25E-02,26.6,39.6,1.084,203854,0.73,-6.45E-02,SOS|-93.66|0.0,0.45,120,0.51,10.13,10.7,11.42,12.19,12.99,13.7,14.21,14.81,15.39,15.93,16.44,16.87,17.22,17.53,17.77,17.92,18.05,18.08,18.08,18.04,17.94,17.9,17.74,17.59,17.43,17.21,17.06,16.87,16.63,16.47,16.28,16.15,15.94,15.75,15.58,15.36,15.19,15,14.83,14.65,14.51,14.37,14.23,14.09,13.94,13.75,13.58,13.44,13.28,13.12,13.01,12.91,12.79,12.66,12.53,12.4,12.27,12.18,12.07,11.98,11.91,11.83,11.75,11.63,11.53,11.43,11.32,11.18,11.05,10.96,10.89,10.84,10.78,10.75,10.72,10.63,10.56,10.45,10.37,10.33,10.29,10.25,10.17,10.14,10.09,10.01,9.94,9.87,9.85,9.76,9.74,9.72,9.7,9.68,9.64,9.62,9.55,9.51,9.46,9.42,9.42,9.43,9.39,9.36,9.3,9.29,9.22,9.18,9.13,9.08,9.03,8.99,8.95,8.9,8.9,8.83,8.87,8.85,8.84,8.84,,,,,,,,,,,,,,,,,,,,,,,,,,,,,,,,,,,,,,,,,,,,,,,,,,,,,,,,,,,,,,,,,,,,,,,,,,,,,,,,,,,,,,,,,,,,,,,,,,,,,,,,,,,,,,,,,,,,